.github/workflows/ci.yml	.github	4	0	0	0	18	320bb4aea51660e393cc22e60932be6c8a93cf4ddbd840d6394c67f6ffff739947e1a6d4f5a3397b8d8132d267e7ae19d128696f27f2ce0201707b7fa722bc14
.github/workflows/release.yml	.github	1	0	0	0	1	9de7b5991dc2f6bd3c9071a570f270bb219cbffe08813e309a6381bf0ebadcb9262b5b3fe511143651f8be6324836fd54e5a47c0cc5df5271c0c7bc7e0a0eceb
README.md	build	1	0	0	0	2	65258d9fa27f9b9044eda0a1e921be439bd8f028ba4835c7b049984404046248bea1cff5072f353fe5527267172e550becec9008246e807c6bc6e5ddec373f1d
actions/download/README.md	actions	4	0	0	0	3	67713df6df515692f4f6534615ef5281652addc5cbf134c42b73f4ecf43054421cf857431cf5edc4b2fefbcc2e4feef774588d5a9e4184b5922d4bfe39a08580
actions/download/__tests__/action.test.ts	actions	1	0	0	0	0	142776b83fad8d102670be16dff066fcfe8863b8f2b811be6585c6744a1eab63a5a6eda08460c5f6a409361de84d321afd02ea0064b2b642186f5696483e5857
actions/download/__tests__/helpers.ts	actions	2	0	0	0	0	2edd83b2ef6bd90750042e2f92f4a3c47145cf08e35be5a7617243d54fdc6449160422b401ddbe16723b5d24fe496f142eb438e420f7708b4221595ac6004f84
actions/download/__tests__/inputs.test.ts	actions	1	0	0	0	0	ff5f917b09907543994745ad6a8141c6ac2400fed04a132b8aa4da5c22ad1f8844ab79be6838e54777743ae6d2ac002d3d0f064167ef94a1e327569a25ae04ce
actions/download/__tests__/integration.test.ts	actions	3	0	0	0	15	f3f3b38c8e492cc9509b1d6f8e7c2895425048647ad9c33f37221ea88d1e9b4dce428ed05d28cdacd7ea375ef31a2442401d7f12b90b1cd3bc7faf8b73fb0676
actions/download/__tests__/runner.test.ts	actions	1	0	0	0	0	b42b38f57e337fcfefe1d12ce6f62c824fafb23928491e3081ea4dae5e18ce31f3a3ffeef3d54ce249812ad6458f7c96f077d042f7ff0fe4f3c25c100e478819
actions/download/action.yml	actions	1	0	0	0	1	5897cde1ef05ba6a78ff9b1af026b3e49d96ab244ede10c0c3bbfd7ebb378d390ad541693b7076752d0265c133779b4b2f85e83a4719958529ea73eab4393cdb
actions/download/dist/index.js	actions	7	0	7	0	85	19d5b033437d6813e9158375ed764296d6aad77e0ea886f07f65660c02953dd938dbd15d15d9a9d71ae2d26dde1d37049b5a75fa56d8b81e479e497b6879bc59
actions/download/src/cache.ts	actions	0	0	0	0	1	72b669407a469ff794b95c8e07344a0cb5c1004ed1e62ce73816edb0670bfd9ffe493704783a952ffd31c59951b32fc5bd111610fcb4cf4d09fca7d572c70090
actions/download/src/inputs.ts	actions	1	0	0	0	0	df3d59c2e796ef8c6b1603a633a979b99d01f74fcfcc5fa2a4f504833cf071e7b7bf25cd6f3967d9074849f24cd1eb0367645e8fb0218bdd5210964b687dbaad
actions/download/src/runner.ts	actions	8	0	7	0	5	eac119daca3cc1ea419e90c6cbe3fdf2230a5a982ab7370c23f2f7276ab9607d1bb548c95a78a9db59e67d9629a5ae07254e34785ee20203a106c878cfaaac9a
actions/install/README.md	actions	3	0	0	0	2	b77623ff581f3c7ace65b991478d4c02396d237f2f9d9b451a9f9d70c3a9a24d7f80265a01def3eb04db9b5e8356428db0e549c17dddbfbb54bbc9765821fc5a
actions/install/__tests__/action.test.ts	actions	0	0	0	0	7	5255d7e3a79295d8ad954cf3dfda93d15d748e2ad209c7482a44ddcf1147aacfd17199c97fff179a6d29941323a8330de576aa094d06c8f378b324e24b7866c5
actions/install/__tests__/helpers.ts	actions	1	0	0	0	19	9894d5d5ae616075364986b09ba304536e66fd17c1e2d81e96780ce8d1b6c0a40c34494bca57256fcf7d93c4624228e36e205b5ff35971f3fe5e377a74dde5bf
actions/install/__tests__/inputs.test.ts	actions	2	0	0	0	0	e5fefcc8c9210bb74b9ec82df8cb7351bbbebf09d9e5fb2b44df3721201cd1788518a704acd21283c31f357ca35a78d68b10d3b8ce7549e961865e1ec617adc4
actions/install/__tests__/integration.test.ts	actions	0	0	0	0	2	f0cf0c2f28533aac9bc537c645cb5cf20f1ec8429b2c878ed95edf3808db66b1cacd0d35f219b17c598ef91af5c32da4f6459e05842bc4146517987e2f12c8ce
actions/install/__tests__/runner.test.ts	actions	0	0	0	0	1	dcf11616a864c45fa0ea08f23b8e175e6b8c9d60c33a4afdd273cee854ef64cb75c979b95e9bda44c58517fbc7903a6e212a639f453b3e3c9b5f4ca2c55fdc22
actions/install/__tests__/subprocess.test.ts	actions	1	0	0	0	0	f282430009bae8b267bce5d5752a45ea28f4e30592fb63b2a6571a64929ff421ea27c62864bc297f40bf525b2898d79614e99cb1fda1b6356552bc2af8f52c57
actions/install/action.yml	actions	1	0	0	0	3	e8022eb36652b0e1031da222fcaeb028403d35746cff19ff5ca3466435fabbe1aed5c1653a6559f8142116d806765a41d7655e69af576c4bbcc4a30511bd3373
actions/install/dist/index.js	actions	1	0	7	0	60	a51262eba77b27a797d432c889ea328716b832c5868ac7168f35762bfd2166afe3a8f7d08f97d60fea0201984fc807868b38a3d5237a2a00357303db1efc2e3c
actions/install/src/identity.ts	actions	0	0	0	0	5	4b38a0d3d1b82e6df8ee74427e2962abff545e04eca24bb88c1bf32aaa353013a7e93eda0d19a2b45bf9fc85241337bc2548309e264c5ebec3fdf749ce6c1c08
actions/install/src/inputs.ts	actions	1	0	1	0	13	67960ec059668f3324f275c0ec5ce071a415ba95e99c23bcc3077bb239a422c350967808cee8bf996e86e0c1b337a086841cdd15cae2325d6eede8a2e19e89d7
actions/install/src/runner.ts	actions	0	0	1	0	46	f77833126aac57735deffd27d69183214286ec1d7c7a7996ebf7d3519e1297fb83a94c141d8df4d83bf7a8c6eba9b6589ff39e13bf817df07ad45c55eea0eddc
actions/install/src/subprocess.ts	actions	0	0	5	0	2	76af4fe051d8ef7675f93008d632be260f6edab784e1441fd5ef922efff942feb2e3b64b5b5189a76398fefadc8ec4600c843ee23b5c64a1ef1f1bb86a9398ef
actions/setup/README.md	actions	0	0	0	0	6	fb3368335348ae52a217fd3955aed8bcfe3c286aacf365e3f4e77cc78083f5b1e79ea68ec87c4a62c604ff0a1b11f4f2207bddd5340704dea0c9cebdfd4e1752
actions/setup/__tests__/action.test.ts	actions	3	0	0	0	11	5a526e8e74b63b3f1ce5cf6e5d073842d66e9804d073aca7351c008be986ffcf780d28e9985da4ec1e7b312c9ca90e11a4df0de3e8154162322dfc0029e3ce10
actions/setup/__tests__/archive-cache.test.ts	actions	0	0	0	0	5	36ca4d00f1738d0c290c747e0f6056e68fc958a378b2da754a936b95f4019d354877991d78f84c1eb7e3d77c745bf4526cf20cc9324b056e88ae28c1a5c5fbfb
actions/setup/__tests__/cache.test.ts	actions	0	0	1	0	0	c9c0e177cfa6c18e8df0d438dd62d99196bc6c6d07240ddd8e5fbb9be32ae283fa0c8e523e69f53380dfb4347693f0562ed9b61f6a4922852c2c52ce87ecd9cf
actions/setup/__tests__/fixtures/sigstore-trusted-root.json	actions	0	0	0	0	3	d91a4bf979e2b49128bb45f6e1f0c69bc9e22cc2df8c21230afd448d452739e1653ed94834e444ed914902ba7cec9d4f7866ea306019e974c514294713f2629d
actions/setup/__tests__/github-http.test.ts	actions	0	0	0	0	1	57b63bff38cacbc267dc20ce2ede2b16862ff45b8684964a8f03bfc5ae80959630b4436529fbd9cdcf326f95221b93065051eb73e5285a864a8268471e5d4e09
actions/setup/__tests__/helpers.ts	actions	0	0	0	0	1	3b5878d81e399ff3ed5e19440f5325fca567c551d653514c5385572596ca7f59733237f0ef2bc91e02a154029aacfdb957cd12a0866b161568218627300de5a9
actions/setup/__tests__/provenance.test.ts	actions	0	0	0	0	3	f1baecc2cd0ccdfeb86e883ca00a65fc2ab86bee2db9750540a7fe8cbcb4183fdab0d93e53d2117a0a830aab428ca7c0f9f539ac61bb7cbac877ee17aee47ed9
actions/setup/__tests__/version-platform.test.ts	actions	2	0	0	0	4	a26b30bf635fcd4a17daca3859dc85a1127304cd4eae50505eebbe045ffd6113347d077c80ce3105242f8a3741450688ded431fa5423ef9d73ee83d82da785da
actions/setup/action.yml	actions	0	0	0	0	2	e9fbd579452ebad1cf41106ead4055f762ab6321b9672823b155116427e566584ae7dc51dda20091711b65064c9a9738453fae93e0b35c66b6c555ec9c6f85d2
actions/setup/dist/main/index.js	actions	2	32	4	0	124	fa50a96c98205669a0ebd36584b98865a2d41301e115196284fae77a08269b2f442785c87398a9c0c6ebe15a7931b98c4da87d5ba847ceb9120227ad4bf63ffa
actions/setup/dist/post/index.js	actions	1	0	2	0	13	1be5ccdc1e02f89eb356f311cc2d4f6ac1339573f9eefc03cfdf4e231f2fe149a1a0e258ea516a9b14921c0658e77bc44c010903b13f369ddc9bfa24f9208700
actions/setup/src/action.ts	actions	2	0	0	0	18	c375e8c9fdeed49a1342b3965c375e85aefd35408fa6802196779d258ac8720953cb256909f1622b64f99afaed67f5fd52816a480215868ae36538b7233421ae
actions/setup/src/archive.ts	actions	0	0	0	0	4	3a6922cabc4a537f86c25887359ca8e16e27c9a13dee6627d278bdd3aeee08a431b379e2282cf17e6d8f31faed8d27cf5e2a70661aa6fb7b028518c702ce0be1
actions/setup/src/cache.ts	actions	1	0	0	0	1	f4b546c752001f26d07fda681c71fec45443e5767255ce550ef4ff5efb0f1368e934dca33949f6788fff9f15b5bdc1495cb27e1d07906fb7bbc61e517e8b1a38
actions/setup/src/github.ts	actions	0	0	2	0	10	3bb5714ac529eef886a27ea692cd7c4346f5fb1feb2e9e9f06f07ba032afcb5d003e6f213202f10bbb6557d67f5947d5aa0fe1c19ab6999e44575228e301d043
actions/setup/src/hash.ts	actions	0	0	2	0	7	11ac4bb3f454a10748bd1db49a0fd49eb306a53dd9f69cfa61c95d16c59c99e83bb9a5a30e946ddb30f444cf4bc640857e437e19cd7b1b46da3d6e977e34df2e
actions/setup/src/post.ts	actions	0	0	0	0	4	38883ab9c974e6c279f2669e7d90e02d626d126c8f15aa14f06d1919d20df998c0ca117f6cc0f2b4ccdf6dec44401de720d98aaaec68caa7fe51976e031c9d95
actions/setup/src/provenance.ts	actions	0	0	0	0	3	6bcbad1c1f214ba6f2be81cf5e93e83800b2d3eb9d2b13e2f1823ad2a8ec6a950839c2e14b9cf4ca077b4c324b3592b071b3651b626fc35c5e9ff2ae16726132
build.zig	build	0	8	0	0	0	74711ef5a6b0bbbb1e1a9b2bab7190fdf045e7e08fbc6da38f93419693322e5c7c174ecdb25d661abd3ea1d60df9567910dc4cf3478c38856033df9a9a1e769b
build/liblzma.zig	build	0	0	0	0	2	47a11d5d52afc7c3d81938dffb0dd59fdf0f41aa67bc91d19ed07948001c998a387ad92f6f5f996cfe91507ff6636944202ec79be87ec916e38dbac87eb51a39
doc/README.md	doc	0	0	0	0	2	7b46e2990b31cc9ce2ac33cfca9b42a301f41cdbda2a00aa3483f1fce051103d4b29d2a177b8dbb1ee586c5ca6830d83fc9b4eb8901275db952491a8307f8947
doc/apt-system-facade.md	doc	0	0	0	0	4	0cafa041f80c0bae2ca0f4d7567553bdee4133e5ae1bb67af23da291568218820f2e89f09d6fdc2b800a2b96e78d84f14a83a6b2e0f74fd849b68d10ca930401
doc/archive-application-model.md	doc	0	0	0	0	6	240adfff1bc7aa4493b5764d5aff41a5b9fb30302b31ba87549560d4f8bf483253fecdf1813597248b6cec3f674ba5225937c1819506fc0c3483a47cad266e09
doc/authenticated-refresh.md	doc	1	0	0	0	6	3db0c9f1cf0c3837b919fcea49b524999109da96b18354a79e5737a9061228177ab0a726618e2410d1c52f3bc33940c28048a1fd84cdd4fa7dc53fa1a5b18405
doc/deb-payload-validation.md	doc	1	0	0	0	2	93c459e105ea830b3fdd3be0b9c4ab179efd0edad8866d1be595f346626c2993b093e88effdc17e669fe9207b5cc782042c1f78cff2fc18be94c914c83c4d15b
doc/debian-stable-readiness.md	doc	5	0	0	0	48	7a264d2e960ea0dabd535a3a4df28e072be1f428c118c94cfd1c0ac4631c0fa92e8ebbef7fce9e6a47de4cbbe1786049540392975506fb0c5439aa626826a2b0
doc/dpkg-alternatives-reference.md	doc	1	0	0	0	41	ce38c1bcb35b2103b9ee7877ccd17d91e4782fb970685e5d099da45f3733361306de13190b166d55487fc17763205877c3be50ace707e9cb6c5906d4bbf34998
doc/exact-locks-and-provenance.md	doc	5	0	0	0	35	bae0613b41c8ab6aed81c90b3cea0bf7629b405b45d13f8bc851f22f1db2a9e90c69489e5437b0282b4e25edc855c130ed78db4c1064819874a178377b4ed4ed
doc/github-actions.md	doc	4	0	0	0	6	68793d8b85ac3939eb5aece25c32d820d235f900c035a05bf57679dd0ceb8e6cf781bfe5e0ae5f06c094b3048220a330169c0760b9c3356bad436bd1fb59bea0
doc/integration-roots.md	doc	6	0	0	0	157	6328d9f9bcb019c198ae862b03410dcce56340f194f3503d2238260177d374fa9baae8cdca4c20fa97236e671bfac9e6b8f5cd09bef8ef8bc0ff89298bc3f419
doc/legacy-compatibility.md	doc	2	4	0	1	2	094f9b8c5734709bc6979ac117358b160329f01c80ac2cf0fb94e118c9c2c1c4bca9c49dc486ea1798b42702700aa5cff509a5cc0e9ca849fa4385489d8f31d1
doc/maintainer-script-runner.md	doc	0	0	0	0	12	8beafeb7452c87c0fc3f9785f0d5cb58693b21158e8705a888ef62a6b53e1501209a5c5931624c528f8e0854b058b712995e2334d0070d3493050702ab849c3b
doc/multi-repository-policy.md	doc	0	0	0	0	2	0e3416fe95a74f13dea82759587327838d0d5ad0f0ee5b548ab2671df99ac19db2122d2889712246fd9eb0dd28b265240fd3abd5d50f47780cfe5e4ef6c05b72
doc/native-conffiles.md	doc	0	0	0	0	1	3af2288314513acfb2fe1fd14b4e0fe8fdcaad472c8db47491b8d5dcecbd9a75349d02619420840dbb65f64d3b4f8248b85a672080a8fa0f6ddb56bd25b9b9a9
doc/native-lifecycle.md	doc	0	0	0	0	6	63a1ef9e20b40c5b2be572e13f8138eaa297db429b36829f4c8fd7d81ddef3c13d3594900d076723003099b7b9fcb3feb143926613f3212f4bcc4258c8d927d3
doc/native-recovery.md	doc	0	0	0	0	51	422ffc74ce466886b950d25b0607d1009d2f8a114b11f04b7d338d351c39f677dfeb91b8b27c3bf7fc29b8e16d401a2c3e099af28376bc33b95a3860cb25228a
doc/native-transaction-engine-v1.md	doc	0	0	0	0	2	7dd80c7f521ef2915c5a61f112ab52dcbe9ab070611d4b4b6c784a3706539b450c4058a76b6a8fd01dd6c357f473f896faa93fd35c140d88168555b13a5a55da
doc/native-transaction-program.md	doc	0	0	0	0	3	d728cc229564553a18dd63987aa0f3a6ab49215d23608dfe30d4df391b60a9748b1c6d72ea254ef3fdc5fab2e24c00d189a5c83440afd289656dc4e3f72dacb6
doc/native-triggers.md	doc	0	0	0	0	5	a643d77fbf2d92797a4aa9b50621ba091bb25809cfd4783b0ce04cf41f96f12dc416c0bf757affe678791e52846b09ca1d86413f6780406b8dfb948375dfedac
doc/native-unpack.md	doc	0	0	0	0	3	5c5b0c3fd37506e040644968212fdb82f7496e1d851c250e700dca97a6633230fd4e42a89cd744a84cbb8277551304df67a80635635458d6057e0f2f261d7209
doc/openpgp-verifier.md	doc	0	0	0	0	3	538baccef46e48d00f197ea326205b243891812a4037b47badf263d435592d4e7ec21c4e9997b2cc1b473ccb91e23a5cff7bb88f222fe5ec7edf08d499487ab3
doc/package-acquisition.md	doc	5	0	0	0	12	77ea54f2690f2336f223cd5277b097d6600fa811c17f0adbfb72a01f6b08d2faa2f71406f3709ff14c69d70881bf076bd2104ca419b9aeb445d5eb4efdf30b1b
doc/package-database.md	doc	0	0	0	0	6	478763de750e2f9361440e245f6794a2b3ac68d01ac26ae275e44709180310c004059322a109cae90dcc88ffb92895678040e57ebcf43376fa61ab096d80815f
doc/product-api.md	doc	3	0	0	0	3	a6f189e5df70b013a2bb5abf70880505479bff39393e0551d91d8af2200b4ff320d5213ff0cf4caa8ce968639ae589c883679288876540e838825c52c21ac690
doc/project-status.md	doc	0	0	0	0	9	560eda899efd38088c026d26a95469a920309a06446efedf0ad80796e6c07ab5630cc4a0af71e8323ac746d0208ec2a6deb806427804e286d65065dbdc3f994e
doc/real-snapshot-repin.md	doc	0	0	0	0	10	ff6160f7a565772392dd2de86684fc79327a72509cf926d2ccb6b4fa3c82e29a680cd4d28f5a100e4965a030e06f970273f125546848859a3db9c3b3a28a9f77
doc/real-snapshot-stable-series.md	doc	0	1	0	0	36	e796e577605289b8db5421049c4345d94afa6c828f7004770df842f2bd2b70d39c942598095bf6a9ad9eb77550b54364a516af2b97f3572729e492864cd8bbfb
doc/release-tooling.md	doc	0	2	0	0	0	af31a782c4ac3b23f8908ab71c3bece64445de2799b442a487f93a76186a87a6253a6edcc12ffb679bab91242fbb303eff988478bbdb985bec6c88863134081c
doc/releasing.md	doc	0	2	0	0	1	a8e19c436d61eee5bd2fcb82c349bd35d708deb61389e1e2d12b21b6f122b50fc50bbdb440f17b802a4f4afd1b6ea4f213263f083acf44a0ba946f83c5896f61
doc/repository-management.md	doc	3	0	0	0	16	9b2df577010d5c34b88d11702361a3c29b1d91e03141c1955682f374c34bb0dcb5e9114750744a998ee2269b0285890c7f0485e3b38c10c67bedacebaff643a0
doc/root-mutation.md	doc	0	0	0	0	3	73b71bcf1015fa11fa9ff12eb21690d3f23a7e3130a8b4824de70bf4f06489dad2457beee63b691e627aba62fc52f52723b334a4150cd88c4c8cd850da31046b
doc/root-operation.md	doc	0	0	0	0	19	6495a964b871e75c1cef1d47672c71d990c8af352e33ea96cd0c21daffda4b0b9bce8b40559cc44789033ae07179929f7f7fc7669a9309898251a335a52c4c46
doc/safety-ci.md	doc	1	2	0	0	2	9e3038e8e78f0b9b66566048884577bac0de6020acdd9cd855a1b32f57bf13d51a34ceaa7d70cba380a96656bd500fcfd67c5b43d266f25adba3d0269cf8d121
doc/solver-planning.md	doc	0	1	0	0	0	a9f5781d1fcf14367639993811c062c5fe2a86fd0b6a46ede41d1a25b8a369ce0e540ab4f9a0f078b1df89289128102e06c88cb491e0f77f9359c05a2a66fff8
doc/target-apt-config.md	doc	0	0	0	0	3	52d077f732ff9cd4161c2ca6e2d77c2bf91662afa595636da5b67e426a5b4c5121d84ff80b639807f4716fcafe0925e72abb379869cea03df11b939c077a4dea
doc/threat-model.md	doc	4	0	0	0	3	7d56eb231a0ade43aa9f56133f85522b23eaeb756fe3bd8559d1bc9a123a3ad2024282067ba9f368695e2b6673ac81edd6b687529f7bdcc9058b8c4d76cf3ed8
doc/tooling-test-inventory.md	doc	0	0	0	0	2	26c60d8e21021a5099b236a4cc6a736d6b585c1f9b7a10ed8da32ec8ab6001e6192d8474a237b33d136f7b94ef210559682384f1f618670d189059e02d2bc273
doc/transaction-executor.md	doc	0	6	0	0	3	dcd28b7c5fc0aa121f7bc3a6d8ab59db3af0a7755f6db1ae9138319aa6ad5ae90db5630be9570359984432ceb0c1d9434ad1f76d14a66e5a19df783ad76b5352
fuzz/corpus/deb822/archive-binding-list	fuzz	0	0	0	0	1	6435c6ef9ea816974abb0b9b75f7a8c00351ff8621869ae242200c7ac235e2238019750c807b44b0e1cf617ff3b75efadff2450d6ea9f4d90833d5cef8c458b5
fuzz/corpus/deb822/archive-binding-sources	fuzz	0	0	0	0	1	ffc0c61ed7aa45a66c3423ebf6be6ed2307fc0b2ce2920986f82c5fdc79cba09e937cb7c23e975bc817b752e1d977b2c3067c02f11d596d8eb6234967cdd6b67
fuzz/corpus/packages/basic	fuzz	0	0	0	0	1	d880833279be4111219352649a4ed632db0c07b748fe2a4d314f989a8ba0c8e11b4fe323a96061d329541532200aa9f03236746b2aa3ade1368d04a53c523f48
fuzz/corpus/release/basic	fuzz	0	0	0	0	1	222174ee037b47ab27877da0b6648e6d641440ce35ba2025e71710b40e84626d22702bc54e8e839cd70cd84e21e69ac9de4f2ab62fc8c6639824283d0999748f
fuzz/corpus/signed/inrelease	fuzz	0	0	0	0	1	ce64af040e76fc05986cfb2364bc0ba5fe51f0ca67276c867f642cf5148415f4fb8b30ad0843b194e9ee1ea5f2b1eb562eca1a0c7c6fb84c3f2e760248107040
fuzz/corpus/state/authorization-v2.json	fuzz	0	0	0	0	10	2a85a440c0c304f42eb9ea46c8e1575e82eb6aa99a1574bc379f787b37187a39e2f95d8a7ee1d6f9d42480e1df0478b68c326494c33dc10253a751883f09ca97
fuzz/corpus/state/authorization.json	fuzz	0	0	0	0	17	4ef77cfc98efaf1d01ab1e59c0dab5fec743b54f295c651e2b958b285966b35f78ec094e2fa9ab859f3519d740665cb5caa9b8a179c31ee6d02859c9a29b7e71
fuzz/corpus/state/execution-request-v4.json	fuzz	0	0	0	0	15	07d005b6921011d13a0b97d92a9704a011a91cd9f6cfda5a25214046c26d7c4fe722c9de7bd320b80b76c2fb2500262dab3e6019c523ff315052270cfb3b13ce
fuzz/corpus/state/lock-v2.json	fuzz	0	0	0	0	1	4e1cfbe9ee74f08ee45b47439ace52d7bd39a673d6fb5749eb06cfe134a135c90259f7a591fa5bfb701ec4be4e1e9e67c6f557e407fb09314e116b264647f9ae
fuzz/corpus/state/lock-v3-signed-sha256.json	fuzz	0	0	0	0	12	4d6dcbbf9a338f43db1ece52a10b11bf93f1c5e84d623674d55094266facd107086117d7574dd2cc479468b447416111b133dd979aca951f090352fee3bb26d0
fuzz/corpus/state/lock-v3.json	fuzz	0	0	0	0	6	02b2975c7aabb9e0d3bead1e10784a166c0d2b9a1519dbb4890f2056ce951d83c641ceeb3d8cdf26a13fe0fdaa2fe1644adf9f3d00abb4fe5ab155fd2ceba242
fuzz/corpus/state/native-provenance-v2.json	fuzz	0	0	0	0	28	1b0aa2369b1a3fe6676dd17abaacbdbf2ec76d1acdf04569e6fdd6ea5e177fb553c338d11ade3287e8ce981ba0ee6879272f5a3b4bb7fc33ecbf4771d0f8fe9b
fuzz/corpus/state/program-v2.json	fuzz	0	0	0	0	34	0803e6e3029d3d337270234f92ec0d0035c9628bdf44815b809209e485b57998703ded79f0acb2afd85174b4dbb4e57b163212f00e90160c7a8d4386cbb509d5
fuzz/corpus/state/program-wide.json	fuzz	0	0	0	0	74	5cfca52216e1d6e8d3368a0b031a69cb2d89e597045008567c50a8ae3f4d2ad8bb744aeaa0c5f056b172d11287b1183f6d4993ac5c9047da5a9aee8d1a0a1c21
fuzz/corpus/state/program.json	fuzz	0	0	0	0	38	e0f322cd844f8a91717980dc090494ef510cfc390b5449a0acac88f6479d0c850a26f3b7fe5e0db3ddbe3f5185f8a2a938bfd91a8f564db685ae68b934638c27
fuzz/corpus/state/progress-v3.json	fuzz	0	0	0	0	3	d20bb479b487091b43ea3be85f426ce9c6b54ce3cc5fbb6381b7f989d724a9ee23aab4147720992cd2c678558f58b6f4d6e16fd4087ac660bcb49ae4d0b82c00
fuzz/corpus/state/progress-v4.json	fuzz	0	0	0	0	3	6cf170fcdccb9184c6bb8b47a834435dc9f2e42564ffbef9c718bf59124844046e393662c31c000a229656f720affa2a6247253f1cc92c3d1c5e24bad8266c8d
fuzz/corpus/state/recovery-intent-v2.json	fuzz	0	0	0	0	11	5188b13f28d326eb0a12b45078c035fee8d9fbeec594570ae2efda5fb9f2b054f285fca408a1f7f4cacf12631f4a6d90947b7ffd20aafbfc791ce7e9e49a6676
fuzz/corpus/state/repository-add-state.json	fuzz	0	0	0	0	2	ac528bf826c424ccb065c603c297f2f33833c35de2f70b4c959bfa956f82a167acac54140f07329635f02cad1ec5d3de65142c1150d6baf0ca5e302a96f7950c
fuzz/corpus/state/repository-result.json	fuzz	0	0	0	0	1	e449ab958c440161a3c47a8588957a843c03f79185331ded6cfee0a7aa1804cd71aacb4fb80668283c8b3347734a6f5d7f3cfa4a23884a9676773c6a0093382c
fuzz/corpus/state/root-mutation-journal.json	fuzz	0	0	0	0	13	df08082b0d488ee49ebe82f330ea4ad48b533ce83d24a5f66d4b70bd39fa7922063495f11b124445b6e26f8dd30476814388827737c6f0025ede616c8b9cae2c
fuzz/corpus/state/root-operation-completion-v2.json	fuzz	0	0	0	0	14	c4edbfa7ddff00d97993d9f30693e466d51529420043932cb9ce3a8864f2f2001e10b7ba72f0fdc82034ec9a2cbf3a0ac5e369862abdd1a9c3ebeb434f2f56b7
fuzz/corpus/state/root-operation-completion.json	fuzz	0	0	0	0	14	7408ac651bc3fd3f74ccd7beceae33e8f1724f0cbbd52c6e70a8c0c7b0cfe57942485c86ba803b02a6812dab3c8fda161b9ef244088b8b38c77ebb2879bfdc66
fuzz/corpus/state/root-operation.json	fuzz	0	0	0	0	11	9db8f5ba161a6af17c512c51ac0e4875d58c7a0648e5991a03be98b426c8e4c5f3ffdddb201b714a3dbfe52b73365b45e6f35c59ee496bb5b3cd084a507156bb
fuzz/corpus/state/transaction-result-v3.json	fuzz	0	0	0	0	11	d6542e62a8c7a0382b764fab84fb5f2d57e6b6bbdc4c2c8dbe814fcfd736a275384780420e771840aebc50e03386add9ae65286dad50176d5eaa58116329645f
fuzz/fuzz_targets.zig	fuzz	0	9	0	4	137	b99100c38f537b5d79f3b38ee3ddec3bc61aa052ad14120d4393b2c7bfbfc6a454b5b869ed795a30e9ffadaa1dcd04e42fce2d467230b25822fe1cefd46ae4bc
schema/active-repository-config-v1.json	schema	0	0	2	0	10	5ab3bca8bc39778d7de5c1f40801e7e9ba3f5f643ff66fa994b963f632659c179b4ea22a33033f8f3eebfdc8c910c9dfc32ca7519dbc67c90399ddd00b693565
schema/apt-config-snapshot-v1.json	schema	0	0	1	0	12	107539d7c5f80688eb89427c0342a451fcc8014cf1e860793ab551eca2edd6713d2b1d93874d6e719fda31372980b363830f861ab02873b4b1bf8813c7a8480e
schema/apt-config-snapshot-v2.json	schema	0	0	1	0	13	666e1a0e26714e99386e31ea49030bf139834a2c96df39923d42fdef2ad5052dda1012d1836077b1bd68207bbda5edcf86f9e98200d7bc9bed07fc4bde56aa22
schema/apt-system-execution-completion-v1.json	schema	0	0	1	0	17	47f95b5deee9e7bee8ebadb9a2fa127e02348465d3e1ac0580b27c45bc6acbeea667fa5d3cecf61dc5a668f15002ddf035608668d7acfb875087f340a23845dc
schema/apt-system-operation-state-v1.json	schema	0	0	1	0	18	936c39e6e8540fb85ff2530f68b3548c62b1bfb883eeba8a659b6be52649b598130619039e4f20f2979ec404bc4bcd305260590699bd8a2fd927054302695ee1
schema/apt-system-result-v1.json	schema	0	0	1	0	17	f00c7ea406f720dfa93b2fee56d7d30d81107d3acfba9a838aadafdb4999d8620b62c5e6b34cb3726fd4655ba3f10f5d1d741f2c30ecabbcfd775084935064a4
schema/apt-system-result-v2.json	schema	0	0	0	0	6	99afec86a1b9ec79b59a1f99a0ba0d004297be31b9cd8abf51e78a94bb019e3aaee08181baa1f39951e9d45c03b1aab507fcdd98b5096575069636e23a1f2c48
schema/apt-system-result-v3.json	schema	0	0	0	0	6	124f43dee1d55f02e23d78995b6dedaa6cea529f9bd3531eb0e2b88f8e08782fc73244d6377f5a606d6c2b8d57a709381155d7f09d5f20dd82a94acb1d63f2e2
schema/dpkg-alternatives-reference-v1.json	schema	0	0	1	0	44	e5f9a486933c046d514b526e74c95cca7d648ca028abd622eae80890ea613e192d098e1923af1c4bed403a3166d967ecc87c0b171a6306d7c1df9a6239c8b1e9
schema/dpkg-config-reference-v1.json	schema	0	0	1	0	32	372e4dbe1537e56723d549d79140bc4045b200f6d98ec3959b56a1ee983b59a82cc6d0176417ae9e100d662c442b35f84b576172d65c5869dc1a76e57b2d896c
schema/dpkg-oracle-execution-evidence-v1.json	schema	0	0	1	0	12	a61ddc8b1dd00775c323759fe4f74eee959b2baca1187af5fa9c4bb30fdc5e3dbc6195301ba86aea28e92bd7917173573377a29a5405554a44f8d98cb4e26940
schema/exact-closure-lock-v1.json	schema	0	0	1	0	27	1e8379b45f3543a5519417f6dc451cb39e114804d582e31673060e662b6b4d15b272df8dbeb7320c38f19e7f1fef43e2bdfdf6e10632e8790e97939fb996800d
schema/exact-closure-lock-v2.json	schema	0	0	1	0	37	145c5221280c7c7f260fb2f2fde5298b0c167abaebedc6aad18b70cc2f4adfdb97fdbe156a47110e756cb08dd773e85cd5930e9c7c6aab39fe09e0968b6c4639
schema/exact-closure-lock-v3.json	schema	0	0	1	0	38	f1fa636ebd8b9c660b442f0149b937bca745c7edf2e2b9f9902c05016422491781ebc2bece44d5d509d781b54b6f6827c19321fffa2803856d98243066749288
schema/legacy-capability-evidence-v1.json	schema	0	0	5	0	11	c514d4afe046e5af674701235a4180c8d2f52fbf5db6e412015e7352c1c979826d9015c9553e15fc94ec73d5c899b730b14de6b51bc2c663b3d358050e7b7433
schema/native-diversion-cache-v1.json	schema	0	0	1	0	6	41e777dc3eebaa437fd5e3741c37353433f359b4a642ef479687d6bd7a704982a2336428e5d85fe5644ed97c4016a00134da8a88764240f3b18feafc069ae34a
schema/native-dpkg-reference-receipt-v1.json	schema	0	0	1	0	4	89651bcbbfd2f09bff3fe9b8e2abbf95ff6787738c4d4f910df0fcc3e9da722c1013f3b5e11b7d712cb6149c199a4499a95c76caedb723b9d3a45b03dfc81caa
schema/native-execution-intent-v1.json	schema	0	0	1	0	22	f6780774a5a11aefe7b1d24f30c2da4dad0f0eaf0ce35ea90b1d741eec50a90aec624f01720b354520adc0d5d7636b56d884adcf112570831c9e915b830d7ea3
schema/native-execution-intent-v2.json	schema	0	0	1	0	53	00de58b1dab91f2c8c88b549ec9afed76c62adcaaaf0f3b5c0b2c95e8ceb3ea22ef687e369f38f301ddb019a4cd514ccfaea58d744808130cc255e940e8f777a
schema/native-execution-progress-v1.json	schema	0	0	1	0	11	cd70405e346c49dbababd7f60435df9a3a2df6cf4a469f75d259c6715967876079d675caf692799327af1057bceb6493bdb01845a624fac185301046bca7bdcc
schema/native-execution-progress-v2.json	schema	0	0	1	0	11	d19ecfd9621713f99b1d5690dec72d0cffcfce9800a523b6f2dcf81a5f2588d6aafb33bf4cfc88070a2208dae348e6fe6e4a23a839cb4a08e9dd85c57f8c5fbe
schema/native-execution-progress-v3.json	schema	0	0	1	0	18	0f069d73fad4b0e2f9937dd0be9cc3ddc66fc4819f1ba11f1863f63b6096c8094f2e19b495232085c58ee39784563ecce436287f240925604a617ba9adf163ba
schema/native-execution-progress-v4.json	schema	0	0	1	0	18	ecd733f7191d1cd8449a7542625d2b52c5f902e4af9f6c88e90132526e3b04e405bba25a33caee1367ef3c49d1d232808227eba13687ea2abcfeca763fa8570f
schema/native-execution-request-v1.json	schema	0	0	1	0	28	fbf7294de871a861576cb44b15b728e37ebc1df5a053e4995506adbd1758430073e9cb6562b242a471272310f96444834726d79804b6577977e4391485a4be4b
schema/native-execution-request-v2.json	schema	0	0	3	0	4	e357ade0856d43ad2d28fdedaa88056009a89eb593015c432a4a5e5173505628d2e457df769ce1bea28823c7c46c5809ce9c55db17bd30adb2bd910d5ef5ffb7
schema/native-execution-request-v3.json	schema	0	0	2	0	20	a62de2b067775273029679d6d48737edcf86365befa5b2051d8858f2cbff5edae0ce7d27918593c824fa94526b123030b8a47bdeb52721dd0b08548d74e5ebbb
schema/native-execution-request-v4.json	schema	0	0	1	0	2	0c4a16414b37c64d165ad9f2dd8359f1c232c00b3728ee302d1f2771d4fd85a1e5240aa92cf874b80b3885f1aadaa2db7d86c413703a6082a8af21d653c1a10b
schema/native-install-result-v1.json	schema	0	0	1	0	19	4b71347e662f04c060d197ad79e1b1cac0f7e75fce8132b50c6fefd9b8e0b66c9b7f023a2ecc0c8acc3bff728677c33dd6465e175a5f7aa190410862ac0c5ae7
schema/native-managed-state-v1.json	schema	0	0	1	0	14	cbe897d35c8c1462b8a0393fc5e30b8ccb216fdd7c6090106fd9d8cee8e0072b97629f8aeaf3c89d8aa0be63ae3cbd1b0cacb30bd86036a1994cd00ed51f4889
schema/native-repository-unchanged-v1.json	schema	0	0	1	0	16	e8995f9f267b741b29351835f88ba712aecfac723a9a841cc7721d12b921648cafa67c8eaa45c7e0ff43c930ce260f5e1c64cefec54f180651713b25902bf2fa
schema/native-script-outcome-v1.json	schema	0	0	1	0	14	52566a76e80a6c04162ea9bc40bcb69e378fd3459829c9354d84e5e59685b1fcfce5b080e75bf59b64935f3862f9ed7856abcb5a1663fa274bbeaf57d4a3c1ff
schema/native-transaction-authorization-v1.json	schema	0	0	1	0	52	b00ea1d424205bb6abe9d19e11d25c5ad5278735ef4583ba8a89339d46b8fcdf1b7b8b72a91df00476064876833b5a42aace7670ef75e0fd01167db476496d13
schema/native-transaction-authorization-v2.json	schema	0	0	1	0	42	2ffbef5eb075cbacf070962dbc70adfda6e51383b674a545d1937bc84935c3b2ce049b0f9e1aa1cb2fca2264d59578589f6b80152da0b749f7c047b984e6e7f6
schema/native-transaction-program-v1.json	schema	0	0	2	0	158	c6ec3469f4aad9eb2981b7b64c0d3d8825a0f2f748730313ab88458431cea9f5b31449b61e757e1d47fadf4474bb05e7a9dfad70e60ca1660cfee55a4372cb42
schema/native-transaction-program-v2.json	schema	0	0	1	0	60	629497c7de970ad3feb963eddfb56d9794dd2d3f4ba03e74485ab692030f8e4531bf6b2c322aba4168fef70c17e9d64249056002394f93876cc7192acd03f32d
schema/native-transaction-provenance-v1.json	schema	0	0	3	0	36	635077a2520625124257c8ad28734d3650004499e85cd9c58ea4a3bffdbafeaee758f85c217c38ee40a0b31936b86b6b4fa63e65d940c2a7595eaa9060cc6a45
schema/native-transaction-provenance-v2.json	schema	0	0	3	0	56	882fbe767c1057223516cf7137e3806fbc05821954be21e6d0c99df66cf1a34a145c72bccf1414ed9874ba2d1f93b7c595c75134f7267d27190d31024b0693d6
schema/native-trigger-events-v1.json	schema	0	0	1	0	4	d6f03b3c6546d1a10930eb475b8bfae93d5c3df31d0a172436ab44b718c8c3cfda2f451308908377a2cac2660eb0c66a308fc5bed8e80a8c233915e5579b073a
schema/native-unpack-diversion-v1.json	schema	0	0	1	0	19	f9130dd8e19ece3e4a02f340c4d9b4a1815264ef18096a46deec6bf88ec794272de9c0bff506bdff6de78e45783f81400dec3baa7ed4af2aff7c28f4c4600b70
schema/native-unpack-route-settlement-v1.json	schema	0	0	1	0	8	3c7e9c6f40dd6e0406ee6ab35369ea0a4d60a2f797288a1ef50f1b5af7fc78c1cffdc503a705b1b8a6802c492e80e1e5b7af4d92effbdc86fa3f33741c830aca
schema/package-cache-fingerprint-v1.json	schema	2	0	6	0	0	42f7ad337f5ff47211beac9415477fd6bb2f76a42849eb9a87079847ef974a9787381a5c2f52c64fd6404917c9701c919401ed3709d72c4e99dfb864a5e5f4ec
schema/package-cache-fingerprint-v2.json	schema	2	0	6	0	0	f1628dfc2eebedcf431faffde8034ee60f2d515adaf28c6ecd35547ffd8c42ccd672aa409f15b765c0c77e4482905fab302ad7d47e73f10f380b2e6a3502986b
schema/package-cache-fingerprint-v3.json	schema	2	0	6	0	0	84897d9bcfc4e4a15eb63fba8d5329ec731a23d8efd29a843fc527727142af8f5923781c1cea0b006aaf6ff9ad88817d267bf04829ff9ef74aea87cf632dbe05
schema/package-cache-fingerprint-v4.json	schema	2	0	6	0	0	3a1f3139dec8b8e13ff228066fae5a0c733e62a543196f6b77ec21330cb4036f0c8e9aec67cc260b1a1c151aad9b0f1b1fbfda7b3b5b1e46990c0a58ba849c9d
schema/package-cache-fingerprint-v5.json	schema	2	0	6	0	0	07910bcc318b55f5983ba538130b2f7536623107e1a38596a88b001ca4cd07d4c74f7e69ffca26181d0773efbc5d8c0fa51d3fabf258bc79bd6ca4ccd4626e13
schema/package-cache-result-v1.json	schema	2	0	2	0	0	9dac047ed1f7101dfdc0e81033cfbc2011736abc72277764ae1db7b4e23e701cd6daf818ace72391a58d31fffdf5f2b86370dee5a88fb9946261cc2eb66b33f2
schema/package-cache-result-v2.json	schema	2	0	2	0	0	4d7c71c9047856a7031a1b0efe44cb8d4b145768ee8372e5758f37248a8104d07c652a07dc33c0b344d1c217b096ad6e9f28f9df8aa49ec68c3fd3d0bb772685
schema/package-cache-result-v3.json	schema	2	0	2	0	0	66bff375e692378dd7acac29c4ceaf305302d8b7576bbbb2dc3898e05c3c28e0686bae311bc344bf08a631838f6f4a9e059450b3161cf1a6ed321ba4cccdde4d
schema/package-cache-result-v4.json	schema	2	0	2	0	0	4f91ba2b8d73b99512984d0bd7d66873a88ba43055e1e0f48f17eae4faeadbe9b5964bd28917da26c2bc6751a8229cdc0aec7eb0d56c8a9298bc5f899220dbbe
schema/package-cache-result-v5.json	schema	2	0	2	0	0	c22fe7df2e4899d6a8ce4bcf83785e2e713f1e9989e4048c5af78d721b73803e1c1650daf8897297b089d388be81b8ecd1e4463066f7ffefc535ae4fe4e67314
schema/repository-add-state-v1.json	schema	0	0	1	0	28	751a5323bddfcc719cf75a97840c32c8b7dcdb02696d9d48cf022063019d08e8a8ee022bb31b985ca9b7b5fb7c84494b1ce1a1ecfafeed736a63733d849b7289
schema/repository-operation-result-v1.json	schema	0	0	1	0	8	dc7e30a70585f31021e62877691eb2878dd65fe7bb3097aa37db10a1fb2f1ec3ecd10e000a4dfed7490227d36cab6168c4b70aeab5f320cda6ec4ddc8e954fe0
schema/root-mutation-journal-v1.json	schema	0	0	1	0	46	0b743e1c710e451fa56f1b2a42e89bafba7df71ec868373792886a44b0073cc44fe306b3cacc8be424b97d6bd02115000cf727b29bbc4b1ce028d0e14db2587e
schema/root-operation-completion-v1.json	schema	0	0	2	0	51	22533080b3384f085fd97c050459c0f1191f892d7aecf029c68768d5e0aa61058b2005ff5669e6a5f35492b35f6a26e08db8d85c806ef9234f4d942770674854
schema/root-operation-completion-v2.json	schema	0	0	1	0	49	a8fccbf62ac7259eedb0a13d76d96b3552539ffdc8f31302711190816cc9bd5dd7ff9b231e2fb8b439215de7ad865035bcf79d3470e1bd9661bc3e4df5215bd9
schema/root-operation-record-v1.json	schema	0	0	2	0	39	a2e5f0752e6e987d878e140d6c4e21680e7093faef01bf6e50354f11f68814a3863fbc60ace12289860942bbb3e3a5ae341c5e35ef268765330cd1366f2ee88b
schema/transaction-plan-v1.json	schema	0	0	2	0	2	584bb81c0e2288cce02aafab87de32cc02d24a1911fa976b6efc07026201951d2c46fc4d88b69975f9e845b46b715260a2bd1265aefa86c009e9e179c1006420
schema/transaction-plan-v2.json	schema	0	0	2	0	2	e08392a93e3a3fd4051b994c0c412f2a2d5d269ac4aaae7a9e639d6952d71eafeb0551e76672ce5445d0fa62e01d1612bd1f407e71fcdb1b75da0feaa5a3e427
schema/transaction-plan-v3.json	schema	0	0	1	0	10	d1acf4bd6f82cf5a53915db72734c8f1e40e4155a7105b78f4eaf99b98e349887b7324ac9abe2686a81960839b7ccaf67a1351769d5cd6566c206d4ca3138b9e
schema/transaction-plan-v4.json	schema	0	0	1	0	16	4f8153f58647fedd3832d53a93e4e9d485bf4053196cda1c7e478031da8ec7d6d8d8895bd973f462047b34d785be608751895680db7593a00fc2b02da95e4772
schema/transaction-result-summary-v1.json	schema	0	0	1	0	13	8944ca7f12440d66527fa955b47a0f5327ee0c451ac17fd7b5eaebf4ef2be12087adec9d0be380cd849b13a7965adb705c64d82713693321d09fde9755b78668
schema/transaction-result-summary-v2.json	schema	0	0	1	0	25	ce277eee2b1ebf330d60669199ca31df4242086ca58e2837417048c5cc696405c64f8558e985ff004db1e660077d69fb5786a04fb799a382a50527eb944c0a83
schema/transaction-result-v1.json	schema	0	0	1	0	54	8415102d86106870c8d9f9c4cfeaa85c39f4817114c77c86487051eb638f03429a134f5d13a37395d78074b35a923b8e7a1a064d1d759b39e6a503ba1e06d12f
schema/transaction-result-v2.json	schema	0	0	1	0	59	c76493df3fe9790c5ce1b8d26316292f45c1a762f65c3b5cfd1bb3f593a823e4cc26500d3fcb9204841f233d3dc8739afd99f1d41268df3c5af066b042e6f84a
schema/transaction-result-v3.json	schema	0	0	1	0	61	03fcdcd6eb190392213449880aed6d8242f3f69a8ef38c641f08df68c9f583649254b02f242241f231dcef6cac6e844243d95719721692549ac86e0f6eb1f447
schema/vendor-state-inventory-v1.json	schema	0	0	1	0	8	c61f4d148b5bc34bfb4b08c2c061202c19f8c4353c28e983bd29a20f7c8d9358f258044c54e281f30e6ea1581411294018a83fde9465c6ac1fa9492b78bbcbe5
schema/vendor-state-reference-v1.json	schema	0	0	1	0	15	22fc53915fe1b0935de5025ac2f7a628770133e5fc3edb7e8e16f827ac4da5334962462ccabcc7102c219df6d081004097d25c00422951ee16ab9e84d9eaa3de
security/dependency-policy.json	security	0	0	0	0	1	5be017f012172d366959cc4726ed62ff3782d9eda48164a12f28a1135fcea0898c15635c4d76e083fd23336b5e26ddecbb256bc33009df8553c82cad105f4f1f
src/active_repository_config.zig	src	0	0	0	5	20	a5d8bb232a9da0e937c12cb90b24e61f42551d3b0b1f6a6798b2d83fce7ab4962adf59390c0964b6c68d8fbc5235ee105b1d66d4c7fb4e5b8ea1c69f85cff6e8
src/apt_system_api.zig	src	0	0	0	12	72	870b3125c08538c49221df55928666f9b8d164ffec8d94b2f90eb2c3a8f6362f62c9ac7cacaebafdd8c3025c46a493cdc185bff9cc46f3e09e8636a193dd7f1d
src/apt_system_cli.zig	src	0	0	0	1	31	44a4d0cfad481516ef3192994b79861d6e75299cd90670e75270383d67810f6bd7f6c4df4640adde8b173905d8cc2f4f938ec1240601c44c8c5f0e76d8c1d9ef
src/apt_system_command.zig	src	0	0	0	2	31	7535eba7637408e65063d2c8511daacfe4efa947c384c7a66a61af345d2a05f031e8412b07dd68e064e413eafba2f8f2034575024aef16a6e8dc4b7249eeccdb
src/apt_system_lower_ownership_token.zig	src	0	0	0	26	184	85aee0edbf0e2eddd2ac1d17f8c6e8206160d90dd6e6af71a936eaa1df802c028cd6212451861cc5ab0ad528da2eacbf395d9a96446c6fc4c11a60721c91bec9
src/apt_system_orchestrator.zig	src	0	0	0	90	1444	8c95400d5047fed303caed33f60f2c3a942a2d2437c03d765d838a1ab22d1fa4238e78682dc029c4ad0134aae5c6680c321db210d6cc37666bc024698ea382df
src/apt_system_state.zig	src	0	0	0	13	79	ef745bb262edc6c227c250875e4b16677a6d38536c2c5cfa52d5440b4034ac5828725cf4b470a4176b0d92113906b6ed97bf020d4c8e052aa0dcb8541b87e67f
src/archive_application.zig	src	0	2	0	20	32	40eb70f8b5c0cacfc02a123b44e3fe2ffb1cc3d5c31b63e358266f2ded8fe2af75a13977fc6b9c9fe05dbed53886f52df85a292809efb5572dcc6f45c3560171
src/content_digest.zig	src	4	0	0	10	53	8037d0778379d4e7612c7b0551e75cc3e761e1e7c9c497b1c28bf25afeceb1cf7e52c2ee8754d7e988dea969cf843df279e318d46d7c6d254f493892f10d0b41
src/deb_payload.zig	src	0	0	0	9	28	28326c7fe7a9b5d588aaabad0c5f20b068738c304c888159cb1ab6c481c6c22b26241667ae9be28d6b7fe799ba66cf291959cf8227375cda16ed2d0704973cef
src/exact_lock.zig	src	0	0	1	13	96	7f870692eba421e24a0e7696d1387163b18b75be74611a06107199808c5df833610896f98916b7f16492d5b8e963e7fcdf04878ec809dc63d30fcaf40b2e11ce
src/exact_lock_v2.zig	src	0	0	1	15	130	85b16a4c538e9fabf4cb1a2f50d40bbce655eb17ba43fa360371ab986eac9ad0f06a2973c78f1e85dc3ee545014130b3def4820f3a6fbd78c3c26de756d8c696
src/exact_lock_v3.zig	src	4	0	1	17	230	aa3c5b04bf9d29c467b50334216aedb1017116561c24007bb0593834fe5e4915a60d1301161659e19d7a5542b2e33fb68000cdc5e79e7c99fcde673360067f30
src/fixtures/batch_workflow/InRelease	src	0	0	0	0	2	d7da78bb6138e1ffbae5a80c51596d192528885608e5842fd3030791c08983dd0652925c60568d39f0425f51f1bfad0268245db1a768decf77798eff148aa52c
src/fixtures/batch_workflow/Packages	src	0	0	0	0	3	c61f974182899a9e8a9a8f6da03b94bc50749864bf596fc9e63e6d5f79fa6d68bd6ae39e4041f23503c188c84c139f3b54e4763056b47d521d8823511c344fa0
src/fixtures/signed-release/inrelease-lf.asc	src	0	0	0	0	1	db5f8fa0ddc056a91d47484cf7bfe9abb12661a244c3d99062ea2e1232a0c2696b5a6ced05efda3595f0739e53e909a1a8b17f02fe6c0e81effb8c0760ff6b86
src/legacy_compat.zig	src	0	0	1	15	49	21f6df5b410d3c6506cf28b681a75d4dbc48dd16b04099435fdf8185b1e5e4eec1aaed86a07e9e63a33aaa85185fd2f3cb5ca87e68e221ca1a8ce10e80623e47
src/local_artifact.zig	src	24	0	0	0	40	531cb2598d5578305260b1fafe224b651c72940d709ad2d88f7287e52a7fe326c5db486639132aee74a488b79964126cc5bc6f664644ba2b502e49ba94d56c35
src/main.zig	src	1	0	0	0	2	a25d800854a9aaa032a19d64e6faa5ba6d98c56bfdcc2d3cc4faddb11f01051bad89a395a96e9706eb33c10465d7252e3686ccd39aefc2b40be55c573d05440e
src/maintainer_script.zig	src	0	0	0	35	162	a02f577fefc1a02afc6ed38159a33511389f8c2defc816d4234e6933b564f2beba0d8b7d119bd9d01cc353315abc4c2e73253be16dce0069cce65c1fa571c1d4
src/metadata_cache.zig	src	1	0	0	1	8	a62ae20014d9cd87a2f64adce2853ab01985669045ce1d8d238e3ad903e6d57d6c482c66fb212dcc12b340ebffa518ddad2e5499cce455ed5bc857103393e436
src/native_alternatives.zig	src	0	0	0	42	118	a1dc3e9d893ca8680b8f265fa2d4cb4ba97456c2daad624331e09d1439607d1487b6b7eb33ac4d3acd95af8047c0c7233441ab56eb21c2ad20e4e630b3c4d5a7
src/native_alternatives_oracle_test.zig	src	0	0	0	10	31	e4e594d56bbf0aa277061f083ed37b83fc6c51b86973a15fdc23b9b212cf2111cb00ca9e51cc9e907535a9ec88579f377fed73893d6568b74395dd1d4ef9436a
src/native_authorization.zig	src	0	12	1	25	237	875914ea4192efc6808cd26bccec3c724ee78367dc19fbd272bc6e4fcf44d34c21637c324dfa790376e71a3eaed501ad144a5c50765b9b994d00c9fb45d70ab1
src/native_diversion.zig	src	0	0	0	5	14	8317e042c3b428fdf3153f6c4e480a8aedc1c99a7dd000a2d3d24c0dbf6673ca12922c8e7eee9e53548da57db6c180b487f86396483f81c306e76e080152d66c
src/native_diversion_cache.zig	src	0	0	0	1	19	4fa0e370899ba3328dfec12d5594e93d34b1c330f482ea19b9d43b6704e17e4bf61dd3dad04cbc80a31b496809a922af6c2256479b028ce9cccbe587be13f48a
src/native_execution_request.zig	src	0	5	0	0	123	2648003f97e92e0577cfcd1ca245c90a82962a3d9d658ac399add3ab1049198b0d71eebbcffb02e0c1540fdd822984a5decf011e0b8eeec3c8727c280a885a7b
src/native_helper.zig	src	0	0	0	7	111	8291aef87f2241acf572a007923407e11c0c6a0cfbb8d95a0261cc03be161f87e033fc71499fa2291a435450f51cf08fc100af9c4638173fe15e3e52249c0c8b
src/native_install_result.zig	src	0	0	0	0	22	4a89130b284310aae4a1e3bce82d090644f26bd7135d49ba7a839bc67f4f6ee26e2a5bc54bee60435e2239cc79a0abdfbec21dc012870c795d4fc7b45a8eaa47
src/native_operation.zig	src	0	0	0	3	25	82a2ced77a0e894f38fadf5161040a4d2690a7254357b8b9d4301be3f62c6d5434b8da3032d6f122f9a82af0474aa7af2f8b52a509f51e2823d77098f5271668
src/native_preparation.zig	src	0	0	0	3	101	2a40f8cdd7d9ad84ad44eab2bd353e02419069cf04051278c50947595350d6f4161de06014be47e1e4a8609c618c98844c7eb7ad05223bc0f9d1e74c285a9eab
src/native_program.zig	src	0	11	2	38	456	6ca64202cf1248bb4d6fb3f2216ef61f34e3d2c8cdde1993737242741b750dd70dd1ef4c9b0d21b75a56abe9f08bd37b903b6fae5e68a489b0ff368edf42b488
src/native_provenance.zig	src	0	0	0	6	170	fb3c1679f830c25c8f8f2473a0feb9e4508ac4c093180a0ea97e45ad71f007fe6b6378808ab390315890394252dd93469ace8e8ef9230f8a3e31febab669014b
src/native_provenance_binding_test.zig	src	0	0	0	12	108	3152b6b693970a9f6f24c076b9c62048f45a2bbfec9ef36d8097f5599e0a6d760466129892af80ac15c6e6d4b6325668f35faf59e4697ce794813e198d3cd863
src/native_recovery.zig	src	0	0	0	10	384	c70706bba2320e92d76213e2f2dcacca1359d2c9a00bad3282910a4fe8c1ab72f7d452d80c047c6126f379fa8f3779579e197ee178555108d7d5f3d0cc6e1df5
src/native_transaction_result.zig	src	3	2	0	16	351	18469ec8cfd5685e81dcdc35e5582f0fd02382cf412aca3e4a86865dad66d97aefca4d0de27272bd6a20de02fd4b11c16832dd59d161e6c864d292d4efd26cc5
src/native_trigger.zig	src	0	0	1	18	104	ede599cf09a444aee56544bd1c825497e706910ec99c76e720880b56c559f0292a1e20b24a8c030b78cbde242ea25024f9c79c40122e511cee28fbc7d5b82a10
src/native_unpack.zig	src	1	11	0	125	1834	058349781a63eeff52a2a4fce0f204ebde1be9edb9eac8faad3f46a08ab54734f5c9c6ce590b488b916d4f12ece90593f878185685690b851e2cbdb4c70d0e94
src/native_unpack_diversion.zig	src	0	0	0	0	31	93a7f3b0cf39f17c3696e1f469e884152d14cff49428c1f5e34b73965fccf9f26b915329ca88e7854772c9cac31b5d11476c4c04b62c1e9675fd9e8d2333a9fb
src/native_unpack_route_settlement.zig	src	0	0	0	14	156	455a1dbf43dad3e44176595f6afba21d59091a1774530d8db8c035c6797fb29b3333704032b676eaf54fb7d5a0450475fe8376f36db031aba207e6d0779b0d3c
src/native_unpack_settlement.zig	src	0	0	0	4	32	0c7e175efcdb3c68abfca817fcbd5af9fed933be0bcf5d8e5de8a82c8b7958d641f771a64bfa589e83f12b99e0fac67767689a86e4cc5b2e33d976b367e5db26
src/openpgp_verifier.zig	src	0	0	0	3	8	7fe1b28b7009b37965b4aca512a9464ad96f26815cc81c7e9bd5463b48cfe8e267f9a34dc3e81c8cffcf8f2550c0033ee9e5b06528af4dddd6b9d386d2ce602c
src/package_acquisition.zig	src	28	0	0	2	73	2543ea0a66076acf49e1c535e4b0ae9db351dd535c5531f9b347a3c8c038542633d648d08b8a1ec0a1172001cf9e9b3343b9cea221496a7e78d326baa12250f1
src/package_cache_archive.zig	src	0	0	0	17	89	fd45aeba3aebcc8a7a086c3c703421d3ac5c720d99ab809877a8125bae9fc1bcd071e2216d9f7eb7a879063218c792606f66df470b7b25eac8eb53955bac4006
src/package_cache_workflow.zig	src	4	0	0	22	126	4ea360f38bbbce08d493022a3469a46ac261a60ef95872b61293e47ecaa3e9579806cbb25d7e1f743a86e2d2f62e37cab1a6152a3cc851bb7f2589bae2d168c1
src/package_database.zig	src	0	0	0	9	34	c4f123fcf0ee4afc383630314eaf9817e9b3cfeff852b21201e6bf977315c1473da97b6ee867f1981a5401971ed8301f180abdc36fed014ba05345e44aa81c68
src/package_database_changes.zig	src	0	0	0	14	38	705cb8d3108831f87c89b40855d4eb0cfac74f3a37220b3bccc06dbe8614831aae7a4032608b83f9c9bb80d036594432ee7ca4e00dd71495be6c755eeacbf82c
src/package_family_backend.zig	src	0	0	0	0	32	b999540a00b086bb3f3c42a3507573738d665b22fff850947caeb82ad2f3b60b70ac3dc984ac58f03913b819deb3e815dbb051bcc3cc8ccc62a79ec546181d20
src/package_origin.zig	src	0	0	1	3	11	f7bd7597cd0081d3ec2239eacf57d34270a2b58032cdbc45e72d8b03ece1ce744b4cd6befa5590dfbe834c8431b1d6b4e49f09c5ff2c40634b53b5b1a5d9f57a
src/packages_index.zig	src	0	0	0	1	31	6c2789ffbfe716b59719420afe18beff8ad3fb61eb366dd5bcb0d52003338ce37d1d876c2d4678a8f74d726caf3e41cc4760968b806aebfacc95913b2fdfa999
src/product_api.zig	src	0	0	0	15	19	edc177a45929ae2279a73d1161df57ef8d49ca38f1a36ae25df6e726e24e6b15f515a96bec00d98d504347243ef4092b8e5adefee67e5ef1b9a2aa8c64833743
src/production_backend.zig	src	5	0	0	68	504	0c5afe37fcb9ed97425604ea7ae6644f249ebd37bb766748f8c2bcf9d4879e2073b0a8051aab24ce290a1f7aa03ad2bf857b1781db2fc0ecdeeee0f13d896805
src/production_backend_customize_test.zig	src	0	0	0	0	20	3405deef4915224dddedf0699560314970ce9c658152f5c86f3b07fcde1fb70504195802d4bb698e03da293ed40208fc7a15ad57fb4ddc8af83b5348b3297c39
src/release_metadata.zig	src	0	0	0	2	39	580d0b332f8f2cd5adb91487e510d74d8aa9bcd9fba21eebfc3a305beb0ebbc78f655abe43e1eac845e81b427eb8d5a279a5bd9f56784458855a472e6ae42eba
src/repository_api.zig	src	0	0	0	6	29	5dba37a607fc91f9ea59208f2e62b1c068c26933077ed3082ab935272c4c9c847fbb9d8aa8cc8b3e367469a1e1a49965e919884a936112c66a4545ef01477e43
src/repository_backend.zig	src	16	0	0	39	810	1d675c03d3b7ddf2fe78d2565e7a76737b7c28365861cd5e84acb48f4f11895ffb7f82c53ff2adf7142d9df3427111437f5b95f100308992f02deb21a16961ea
src/repository_cli.zig	src	0	0	1	2	7	adb751f76259542742aee0d75442b1965ff1976fb99660aced94988c94f6b4acde3e2063642ee7fc9898290473ed173aa29653439d8b02e38800ead03d7071ef
src/repository_command.zig	src	0	0	0	0	2	5baab5d38e9d276e1aedad39d58662c751290f60777b55200b40f722c5335fcaec9107075f7380e6f476c89069616d8148b08b536cd4b3e2bc8ab7365a5ac456
src/repository_plan.zig	src	0	0	2	2	21	f87a85e58bb3e1988c8fb3d4b43ae11b964234435fefd4f1e61a4523459b91dd9f6bf0beb535587fdabd92f04ffa9267b36f93a67a542f8ddeb7baea830ddd71
src/repository_policy.zig	src	0	0	0	3	25	7c31a832ef3a391665672ac0ff48d907e113c8dcefd75110b4522ebf3c2e5924e1add07ea16596bec9257274790100db387fb2d7b38a0a342eefd1e8cd5d8ce0
src/repository_refresh.zig	src	0	0	0	6	55	86654ff6094e5e203904391a35bf70548822a6c3c0c53b3cebe0cac99cf56c70ad3e28feb10ec4c3c3ca234aca633dacb1ff4e37f2127b3b3744c2869ce9120a
src/repository_state.zig	src	0	0	0	10	58	7304036e641749e91fae45b5976324621d7ba00d39169a4620a925d31bf954c6ce606218389063942ccffebe39cd205cc3b070eabf8c8d0f5f1657de8de224a9
src/root_fs.zig	src	0	0	0	2	5	9b12ea85880617ed72632851eae2f62938304717919ad31fffa350ef9e8f7c5b378e581fdb3994547c988ed4557567974e627428e14ac06853e542561823a297
src/root_mutation.zig	src	0	0	0	38	262	1c863c5a47d998f81a6edeb53d6a1ad3e400ce85a3273dc783140ce6cae07101f44d038fa4ab753cae8ae36be9db17d649e6c79d1c5a3786567ee1b0d2dd2864
src/root_operation.zig	src	0	0	0	89	785	4d1d7626072f6582a505989d9bead52217668a2ab96d721042c9b750ab6f1eeb2d5f310216f627f041881c740c5b345dd6d1e9f14c68729eed3904dab5aae29f
src/root_operation_completion.zig	src	0	0	0	19	166	e28adf65f7bf509325f8df9dfa79def560d5ed687bf131164dc33aa079bbd926873e552fb93dfa0e866829fa5b6252eab5cabf869eddab38f1d55b376cadddf4
src/sha512_transaction_e2e_test.zig	src	3	7	0	6	87	3b4128e44a3677e98a6685f129a9a53ae6db255d33f8b59989a045c98853d3443cc01d5cc687b48e4155723ec20771c8f8fd5e309202423f61602c4e01be904e
src/signed_release_envelope.zig	src	0	0	0	0	6	f8efc28e4e1462dbe9223edfe55a5aa02503aa7f86fa86960ff05c8fc238653fc010e1ae90a3574d9324acb0ce325135b48d86cced0e59024c5b78e28cfbe381
src/solver.zig	src	0	0	0	5	181	d131ec750bee1bf10a6b3ac5e94772ff151f4c2fba442901bc8b92fb8a74ff12124493d59542f38a1e2f6c05144970e40011b077b17a0dc065cbce6e16bfaeef
src/source.zig	src	0	0	0	1	14	dff60f2c44f6b1212238f3a2a828ffbcdd20dce4761a0559861c88e0499d6ff40b960b82f4823f506af625c95c688b04f0f72fbdbf7f44a0a02434e4dd30f531
src/system_product_context.zig	src	0	0	0	1	9	3e6d789779bc7f2d5086a017ed79960f8f85bdb8a6102089fef5887c9ecbf8d9295b63ad78db8b9d58978774ae59528d4bb89e1bb05ef5ea149c16b60de8b7f7
src/system_profile.zig	src	0	0	0	9	34	65ad7ed1da04fa909b1a13a41e7b8df95c5e9cfdfba75af1383ab7d1488f07f6a59215afe88098eb3ec81bbbb748a176fbc4e91cb9624e1cac2d2dfbbc2adc51
src/target_apt_config.zig	src	0	0	1	8	56	b3f3b0498a39038d433cbe208f703c5e6c6eafca046be8941c0f222cd3cccea7affda2701170323955f1b67f4bcb328c1f20669441e43f0ee7c08334d89037d6
src/transaction_engine.zig	src	0	2	0	3	87	91aa1d2e32c05dd66eacf7f84be5620e36b12fa5a59e5f280b18858baa1a7983fb88e0389abfa98c6a762221017c6e50d6585ae22c13b522b5d8f50ccff6da57
src/transaction_executor.zig	src	0	2	0	30	227	d3f59bc33fc4d7fdc4414cf63d38bab3993ebe94af2b788ab6d593accf1b858171c2232e20ad9784df74b15fa297ed3709b17dd25f678038f20606ba898ec259
src/transaction_provenance.zig	src	0	0	1	38	238	35331bfc8faac9ceb35b873aca1b7bb5964ac49ef5f1da566162a2d9f3164b52a0bc2699c5d6e5bfca65af4ff39f2695bd8cac87fbc3a71e717f3be8d36e302d
src/transaction_provenance_v2.zig	src	0	0	1	24	202	e439e29bde26d9a89060d9ca2cb58b8a40d6b357ea8b47b9526fc95f53fe4669d993c58cf837ad4791a26edfbc7797d6278de833b80e21f28abd989c409d8a58
src/transaction_provenance_v3.zig	src	0	0	2	19	189	8357f9c9839a1146815aad2c2867886a355426ccfed967aea360f4fe15ea6e3c813958c4e461a1396c891a1b8e711c930eeeacf2249268c9d084175632b54470
src/transaction_recovery.zig	src	0	0	1	25	127	9db719261c131f1ca7290e0f0a0a33b75a4c608274ae399e45c1b01f2fdceddefc0fcea018ab450def05c6cc034de83e7c5cb863e24f6abdb7dc141b142f51e9
src/transaction_result_summary.zig	src	0	0	0	4	118	8c747ba062b9f63869c87290720d5e01b4c995733d3a4d42933c4eba8083b0c973962f7ecd29e4db466329bc4e9687395cba4836756436b7650d7ce1b78d53c0
test/apt-system-acceptance.zig	test	0	0	0	6	21	1cc15f2ef42edd7937a7ea411e443e54a57776bfb6b89238e3d5c6e2c45359fce6f41440d4a290c386f8d1539f7091ecd12356e41bdaca405a306728d056f110
test/apt-system-schema-tests.zig	test	0	0	0	0	2	c8affbd7652545a47c7fd55e1e58efd7532d89c6f0583fb165a06466d6c95f040943d37323ab5e03fa8926ce9c919eadc997db3b648b186ea83f00106e88aaf1
test/apt-system-schema-validator.zig	test	0	0	1	0	0	7d9d4bc7bc338ff8532c4d6171a8e141afe67a4732eece62106835e1e1de8184f9f1833c9197d9995ac4819729a25e2360538146109180c9efd7e4e42fc97066
test/debian-closure-inventory.zig	test	0	0	0	0	50	34f17ff40e9ebd225f5e33229c1679d54ce78aeaa10820415fd9516a9e671b4bb33328bd3b3633ed3c27accc9b2dd9c57e149713e3c06586e9e2e06d5941bed8
test/native_differential.zig	test	0	0	0	1	6	d08d18528eef909c610fc427eb43674cbeef599912915b1719379a793e6832c21ea02d3a072c8c69e3aad2b26b08e31fa61d80b3090360b4bfb422a953b419a4
test/native_differential_cli.zig	test	0	0	0	0	3	1b2e221b128f6c4ae88ee48d0d3dc0077c22d9dd7ef86d981f51eacd248ebab15c13aecb04e96c7f29b327b7c9610a3eca7aa4be99273d0d834b2b4e1784a9e6
test/native_diversion_settlement.zig	test	0	0	0	2	15	aa8bc8833b8c1da51f202ba1d169f232db2894b9bd0bd2e3bef5398b623594eaa32b3d09eaaf10078c8ce2bacee6348ef000dfa5477066d0e66f4995225e89dc
test/native_dpkg_query.zig	test	0	0	0	2	6	73ceb27acc55d72596f03734fb1dfc7d5b95133c7da9157d331e12789cab4757246c1c4d7bfbb4cdcabb0eb12d94af99214ff1ba6fcceaae4b29ef9adcc78301
test/native_failure_schema_validation.zig	test	0	0	1	0	3	3bd995799fd59673fc500f0eb4c7358ac10b7e6eb143b66cabbf9d59b7064caa30706f4e9a805569209a1342c14b241d1057149c4135bf99919e8295619e4977
test/native_lifecycle_acceptance.zig	test	0	0	1	0	3	6e723429b89576f60b73dd5cad34c8fa25e41116408d4da95a3b4d6bd2764106389186f07dfd4125c4d6bcd056cab220ccbd20588581961535d49803c8f0dbab
test/native_lifecycle_alternatives.zig	test	0	0	0	1	1	63fa1066584fc48190f6acc261df83dd08e5decac62279bfed511e5984d71a9949e42150cec469b7af36a22c66d001fb2791275ada7571e060a8126670c2990d
test/native_lifecycle_negative.zig	test	0	0	1	1	4	7f420a990e4d8e64fde9599d711a8e5b33d8517c642c6fa5a2d86a1e8921b6ae6a094f66bf2cf0a1d56487c6a5ada9ebb9f8c2cca1b5390042d19f394109913a
test/native_lifecycle_removal.zig	test	0	0	2	2	26	b7ddb5ba96a8ccb2ac97d5a563012f50c95edac83aeef59dc01233161f54e25dd190bb91aa4b0178c8aac71ed531564fef066b07bc72695b6c96a67ff4b4dedd
test/native_lifecycle_repository_descriptor.zig	test	0	0	0	1	10	f03b9e34813e4c2763b0b8f0d87df36421ffe2ead401f2270443688a1c8443e644691350041f02b3e268cdafcf5f7bf90837ed4564b3ac38c1ef10198f9ff72f
test/native_lifecycle_support.zig	test	0	0	1	3	6	02c29cf48c93de1d332cc4517aeae3c01266ebe18b12a3693ecf3b03ddfd42813f320bef36465bb2897b638207d7012a1ab01e59d350930dba145799d7ea9035
test/native_recovery_acceptance.zig	test	0	0	0	3	45	092c5cb07f959c7caba23a2cd1dde81e335dd9220c39ce39fb0372bc8f8b4cfb3526172b830aba2e81aad5fc3ad5ccf81bb5d5913fe46833932121709bbce471
test/native_recovery_bootstrap.zig	test	0	0	0	2	30	ee123c393170e63e3490e71e041d4f3a086b1e8b3cd6fcce658c54f003bc5ae08eaae1b6549ad5bfacf9177ce2fb5c2cb0332a80542340ca290f5db1fbb2db7b
test/native_recovery_conffile.zig	test	0	0	0	0	4	adf7406a3ccbb29ce776f5670c5a1a41f81a67a7609fc7457b4b07042cd58c71a92675a3e05935d725210b9d28b00892ac13a701f7931050f6d515d37937810c
test/native_recovery_diversions.zig	test	0	0	0	3	39	44e5fb1d006d29fbc3746b9c9ec9b24d04fd9d1849785309a2a35943794dedcc6e55e573e0118365d814c291d7b33fdadc3834880721e752bd97d48f6e1696e0
test/native_recovery_family.zig	test	8	0	0	9	149	7b03dfcff3fa2a6bd105d325a9ade1a7e5fd67aceaec3a88d85f1c7a150a8f333133655b02d723adc26ac49116f9f9004246b7f90f4745df21513f8517e24572
test/native_recovery_final_gaps.zig	test	0	0	0	0	2	d7cb3b83088ed583ea1b46351079f4c6e37003666ba2a60ba17d0a8242cdc74bf11c7d9cbc39f72650c16df37460e82ea24f97cbec4ca5075d40331e3c3371b3
test/native_recovery_helper.zig	test	0	0	0	1	64	d3707f70a3a701f9fb54ad753222f76c1e8bd3f4ccb1baf6baad3007c88edfcc5f9b3046135ab10ad9731d7bb545b8635adec42d9529eac508b6e670328e157e
test/native_recovery_literal.zig	test	0	0	0	0	4	ad85f747a942b13ce3ff326ea8669fabe8a5438440db78a85ddb283c97b41298682836010eda99275cf29176860cc116e58db0b2b5bbff28a43c7210bad83b0f
test/native_recovery_metadata.zig	test	0	0	0	1	6	e4e900581017622bfdff59157932a2f0dc0028778231cd2b51ca53f5e9b6bf726ddfa83d78d41ce7d60d7e7ee055605b1be576453f949141ee73024e26bab12a
test/native_recovery_mutation_boundaries.zig	test	0	0	0	2	22	087c8127b6227022ce87308a544ee60b684db35e1757e8193dcee9df566db7515899b4f19ced400ed53bfd8b940a1ede1cdaaba8c730743f4bc4220f94db8df5
test/native_recovery_oracle.zig	test	0	0	1	3	25	b8766b4f82984df0e2918409b4526125c7ce2a0c4fbd6729bb9642a01eade410a1979cb9651c9ea5f487bf3ac039f17e382058c34b8950f9d14a81eaef1790bb
test/native_recovery_parity.zig	test	0	0	0	0	16	6900e56d32cb210825dbe665ba44b3691a0b8877e0c2a0225830d018c839b94b9b6a933461f20cffaf1daf08230086d343849b4bd3a7b52be0d9fcde0b8814f2
test/native_recovery_parity_evidence.zig	test	0	0	0	1	100	2dd1db41d6449068f723752dfdf0a2c30c25863554abd596843695e0c16a8cad592b8c8d9f7481cb4ae4167ccfddf75f72bcf9b6d7ed8fad1c173360d3f208ae
test/native_recovery_projected_workflows.zig	test	0	0	0	8	25	4922aef6a596d52ef032a1e965ff4c0d19fb35307778d07b26a83aeaf31048ce4cc17a88cd08417e9f6590d86702f044e2a4c08eb35e35727174be1698badc21
test/native_recovery_publication.zig	test	0	0	0	2	23	dc55af809b7b32c715d0589ed6675868ea4faba3e30150679a3e79f2943a6c8a18099b1b1a0d886bdd026b83aef12e15f507084a52c45ca071cf5ec372abfbb4
test/native_recovery_repository.zig	test	3	0	0	12	100	07b1ed98ee86f1b58057875359e269ff23333685f7ef9f5fdec6c86ce28d5f8a8d0f3dfdfa662761273f0777f53c748218a581a6e0185607f90f42b2eecb5803
test/native_recovery_scriptless.zig	test	0	0	0	0	4	6917a2fb82be333704957534da7e1206533ce231706b495957374642bba1200e7504b7e83c659ae28ceef9c48f7a6bd06cc22b0702f432ee42b450a30000e364
test/native_recovery_statoverride.zig	test	0	0	0	0	2	247cd0f7f0f3dfff6b446ba23bfc28a0578da835d021a2d8edc4f20dbbc8163908d3889a91e41e863a3b3c52beccb1e5fcefd363593e355016ba5827d0308972
test/native_recovery_unit.zig	test	0	0	0	3	87	12cf44cf467838f77b52f68b06d8cd375e709bf0cc42ccb0f14f5e57050db936436c95feafdf72a17e5f13e3cd50350d58d513bacec3f1a76cb85490be5a74ed
test/native_root_import.zig	test	0	0	0	0	6	bb87fa40f5be9e7690d95eb4f8c34e3369afbc0d7481a57204b2ab799825a016cc8a665c23e54c53f04db23a01082ee92234cbba8f07b1a851a0e51fcc9dcf33
test/native_test_foundation.zig	test	0	0	0	7	8	6eb589d0993c0d8a765deaa5b1c93939b54e6f41846e0ec490b2fef324aa82ecd84ff53c677acddc9766b1a7c377ee4875e337c4a0d46bc728fb90d3b6cac826
test/native_trigger_acceptance.zig	test	0	0	0	3	19	64213afd892c68b60fca1ba91247649cee62f8606918beeec1aee6fdfa3ffcdd93513ca9ebcffc42c244eb7f082f229408081864657eabdc262c53de8e02fa20
test/native_trigger_removal.zig	test	0	0	0	0	14	a63ae16565ff46dbf11c67e0803d9471c1fd9481e549ffa5b94fcf3f1f89940b16386a4f95479e6086022fef0c2c1a635ac6adf5ba188a38fed582300c6aeb70
test/real-snapshot-comparator.zig	test	0	0	0	1	12	f50610e3be3d34af7047b695699bf8e996af9a7dafea2b3c1e8a81a411f931b24dd6863dd23a11899ed7b3ead972abbe5dbaa5822247f24ccb67174b1a3985ab
test/real-snapshot-fixture-cli.zig	test	0	0	0	0	7	b72607d845a9de7d5dfac50e2ab8355510eabbd27ff1eef8aac7f9a1c7ac698376b41a8640e8aeac5c5f29a1e17d5d21d8b5ab6d49c1908929ba33ee60ea62bc
test/real-snapshot-policy.zig	test	1	0	0	0	5	ff47c949ce9595d615dd9bb624dac752297418a38ba224d6656305065bc2c5f5c862cd21520bcf6da0c9e187b5c79c2c014a36baaf654220d8b822a36ebd309b
test/real-snapshot-repin.zig	test	0	0	0	0	23	e1aabb4984914f9dfa68b3e74e28c5be6f1b2732ee93898e3ddb07074a5f538f0c2b63a20d79d7d835fba43239480e93ab0da2acb2d6b2de74c669172d3ce0d3
test/release-tooling.zig	test	0	16	0	0	1	6c5b22d213aed8e363be41fc7e4f02fccca42996ecc7446963fc2cf32e29f0c49ed8baaf16d5b02a66dae4d970cb8e63177b3bfb50d6fcc7e4e3fb812d142225
test/security-policy.zig	test	0	5	0	2	26	dd89f9930fd36f0e62fad66737a7518612f17edf13f13616f70629c0b8d49b2a33702356bf8f86d937e82cb48e425953f751d7936ea9d06d0bbcaf46285fdec6
tools/capture-vendor-state.py	tools	0	0	0	0	7	c6b844e37a543f668e8e148371e3506d805552ca0b9d52e6eb28c6f0991bea01c7792221b1d8b13fd79a6899dd631a8c4565600be456708dc1cfe8ba4f859e3d
tools/debian-stable-closure.py	tools	2	0	0	0	80	b267f82c0028ca95e53ac18cdb364db7bc3fe3fe2d2bd79b221b448533836876309a6d976e7ce40a6f347e866f0efd0d33d53b452bdc68a77d1c9a135640fbf1
tools/debian-stable-readiness.py	tools	0	0	0	0	42	53baeeb859af086713ebb1160387ef5e991cd025a2f4f70672537e771e2d09ee486959c372397b2acbaeb3bc6c8485dd9e3081f86487fd70570e2609bf80398c
tools/derive-vendor-state-reference.py	tools	0	0	1	0	32	0008f7f4faf73aaaab947bcd8023f2a0e03c52af04f46f6a5c78a5f44954e023b2c9a9277c71fb279c039614e5e4b0b704851132da5c58ad28584e47a6061a57
tools/dpkg-alternatives-reference.py	tools	0	0	0	0	23	52c1ce1f49813620d19358f6d96bf08a21376c35bdf47b0856c98c870cf9f12d7abd27df65f5ca7e2b9bef898639c9747f3b6255a7cd5adfee8bd4fa2c39d076
tools/dpkg-config-reference.py	tools	0	0	0	0	16	f2037bc2f75f58bd8d948a027933ce689fe13fb2c3bf6c3b9ae68ee41000f03be0ce709d22f7ce67c5336a98b596e310952419ef83d7ee1e2c4660543652e62f
tools/dpkg-oracle-evidence.py	tools	0	0	0	0	13	567706e1fae422003d97be1f3321cbea258ce5d07687be0211320cd7352ef11edc9a3bb8887331a45d3f3064e6ef9ad772590b8bc05951a084cf9f9346361b6c
tools/fixtures/apt-system-result-v2-origin-main.document.json	tools	0	0	0	0	4	8fb8616128005458183b24dbd4918637ca28eda2b7a06b0057b65103d8166c8dc511efa0346739d694c86b1bda8100f0ce0c18654171a1409eb8a6db45538fd0
tools/fixtures/apt-system-result-v2-origin-main.schema.json	tools	0	0	0	0	6	8999f878b3bbf918d407343ad936b8a5255371dbefcb4647db3980249321bd264d5653d25e601ae93e1b66c32ac93651d768d9b660631498425f2b81111bd1b9
tools/fixtures/apt-system-result-v3-confirmation.document.json	tools	0	0	0	0	5	12ae47adc92260f5a07ffbdce07b83dd160ee24cdef24a614a33a1d82aa7e1fb32d70cc250d4d023d8873a5911016fad2fe4bbe1d65681780571c2dfae36dc7d
tools/fixtures/apt-system-result-v3-unknown.document.json	tools	0	0	0	0	2	9e11d60487faa5ac9e89b782af77dcaafd7d16fb1059399ff49997c870ec4e1a6fe5006344d3425ca828792b63544addc277a83a689dae1f3c74654e95227f4e
tools/fixtures/debian-stable-closure-v1/amd64-apt.lock.json	tools	0	0	0	0	300	3c23bda133e350dd76e0c9cb9ac8008a7ae4829ac7920d840f5d234cd74fd44af6de4030714fda1567ea0107f2f2acc5e6b3b121376600a3476e2e5931ce5582
tools/fixtures/debian-stable-closure-v1/amd64-inventory.json	tools	0	0	0	0	220	d3dac47114f7b19dded6e5d1bca6caec3d1659d5c58fca772bc8035b5419a6ffa63ec2e5fd31c411b7384dacca93fa75a487449b62f078384f1817aafe4d275f
tools/fixtures/debian-stable-closure-v1/amd64-systemd-sysv.lock.json	tools	0	0	0	0	284	00fe73dc34e4683c76af9370e7130078d551a169a803eeb4b1cebb4d6b2f2194a352a079e3a95c41d14a19375cbfc3c77f80f7ffad96e599ceca951b1a6c7b91
tools/fixtures/debian-stable-closure-v1/arm64-apt.lock.json	tools	0	0	0	0	300	49d6644b8a6186cce125002546dc03ad7b2284bd06cf957d0c42af5c85d4d15bf73bac1f102d94a80b0bc3fab289355970984da864229604d9a51fb8360d8013
tools/fixtures/debian-stable-closure-v1/arm64-inventory.json	tools	0	0	0	0	220	a7b7feee7b985e3c77a2889bf25bc74bd96e1c060387161e0cf69ab9dc1875290d2ecb7a03feefc96bdd7ec70140b3874b9741a73e32a74d1caaeb5e8b1221e3
tools/fixtures/debian-stable-closure-v1/arm64-systemd-sysv.lock.json	tools	0	0	0	0	284	569fc73d74a3d511b947bac32e1ac15c470b18664983e7e9f057aed0a6f5b1853328e9feb4de9a2d3ad280a49aca142fb9b0107a7b82df6381dadc3338002a7c
tools/fixtures/debian-stable-closure-v1/evidence.json	tools	0	0	0	0	191	27a24cb32ed5496f7e2a64efa6c83308631023bc1f589536b05d3529e3eb18f86eff178d076e58a771c829f9e1f129c0cf3f78ba3ec3ba35e9c5307167d519bc
tools/fixtures/debian-stable-readiness-arm64-evidence-v1.json	tools	0	0	0	0	8	948dd1b3178e59da94de9d18f2288d2d73802ff7e8b3516fbe6861a75fc24d4bf980042142c57cefb20938f7d12258bba54f0b8bda6564afc574beacbc3993f2
tools/fixtures/debian-stable-readiness-arm64-evidence-v2.json	tools	0	0	0	0	11	fd231017884f57300081b502808fc682d22409eb96f32c3d1f010c86ba76cdce39e6f9b6e2dea54b4f3b4f7a4951def9c3e57b113368579747a44c20ca528120
tools/fixtures/debian-stable-readiness-v1.json	tools	0	0	0	0	5	385c698bf36c50ea94b2c17f43332fee8675b4a569d25cb65064e26a28f88929450f2bd040ea27169ae12971e3770ffcf93045b1c1b4f3cdb9c0b00bf981e288
tools/fixtures/real-snapshot/pin-v1.json	tools	0	0	0	0	93	ef3ce432005a753642d52d19d222b4ea298bcae69547bd800ffc896e9ecac7583877d03cfb70df6d6437184fdeb1f89e7f51c59a3599f18c424663a583de576b
tools/fixtures/vendor-state/dpkg-alternatives-reference-v1.json	tools	0	0	0	0	625	0bb1414f01c4ac227ad2b796528eae945ac55beccbf1db2e0b04575a97acd4dea493f54e2059fb712eef6154fc11bee43f6ade54b35ab0496a75e71a5af7a32f
tools/fixtures/vendor-state/dpkg-config-reference-v1.json	tools	0	0	0	0	268	f500b9870d7331452fe4d0ff1cbdda7939db7bb4fe55f4e9ef0ad486cb19c1e6271362365a51703504e66413cf7856c5a7b7fdb1d1b2ea062038a51132130240
tools/fixtures/vendor-state/index-v1.json	tools	0	0	0	0	4	06b150c3fe55948625956026738d5d05aa405175fa7e90604e05fc2f5cc21cee81304e24adbba0b1ba89d6e83fe53beae0ded30f868762b7d63d69cd2d1c6555
tools/fixtures/vendor-state/reference-v1.json	tools	0	0	0	0	2053	590b312e56dae13d63f1143d8120f17e7e0361c4ad91f22abe4b3a7859d69fe7c59aa861a2576f3b8b0fcd6d09b5d417ea4b5374ef5175ce67d638a17c77709e
tools/fixtures/vendor-state/ubuntu-resolute-20260816T000000Z-amd64-v1.json	tools	0	0	0	0	888	d71ff4d4fff6a7456b366593fe8e8907b67caf1da6772f5a0233bac933c37983e7f00f3c50110a1e05661a1f786263cb171004a9e743a8927a0d9ee56492579a
tools/fixtures/vendor-state/ubuntu-resolute-20260816T000000Z-arm64-v1.json	tools	0	0	0	0	888	a0a1327c97964f2a4c555221b6096280f2473a1fd8acd2b53dc059ec05ca55ce4e2d1a7f777f5f21c848ba297346ae37e67dd3e71f9f913d068cb2b73b7a3b0e
tools/generate-integration-repository.py	tools	4	0	0	0	23	18305b7f97bd271275f5b32e6bc877658afb452d7feac9b9faf79de8b7f64c56358dc5227e4da3fa584ec7d5d124c212ae9d92881beb4b5dc8a5821062c3d44f
tools/generate-openpgp-fixtures.py	tools	0	0	0	0	14	a9dd9a31c2feea1e5f7bc59407302a3c91ad600613ec69f3666398f6f83b93363a4ae9ed5db3679c5541cde87782c9f6d6f0034142142774c07fe61ed6d1d8c0
tools/native-differential.py	tools	0	0	0	0	10	b2f666ac835edbd63a9277bc1a0e79f375648836023d8c0c910e5cdf8e0e086217840b1fd2822c08f99ef37d8d497c14644c18d24f9a2ccce92fe15b0f8a80fb
tools/native-lifecycle-fixtures.py	tools	0	0	1	0	9	0e18a77e816e054e44e287f6e0ca6bc426ec493e4ddd132e3404c62fc11fd9abd6801c12b7c24ff9d8cd22bcfd003f80ce56b5126606343b2be922f8975090e2
tools/native-trigger-fixtures.py	tools	0	0	0	0	14	1472bf3c97ec71cd1682e446af57cda180000e0d97db1cacf84c03d8b63f0e1c107c2c1e53c8c7a2af2190001306d988b56fab3a6d000250f85bb1eb94935b84
tools/native_diversion_settlement_oracle.py	tools	0	0	0	0	4	7c9114c8701a8bc65cbe003916222e96e652be7c434395f4bab22321647aafe2917fcace743ae4e86290dce8978ee436acc0538dd58608f372f39d6b1cf541a0
tools/prepare-native-dpkg.py	tools	0	0	0	0	7	4de319f501c0322c73850cc1451c20181b522fd5d2b02c70656719832423c0705a915f93adcf987a41ebc44f96b39f9bf9d19987f00cf733ac37a63751558498
tools/real-snapshot-acceptance.sh	tools	0	0	0	0	36	0d957411f186daf7b025c151ba18b7373dea8b857b1a9d96a2bb0bdf2deb309e0f64c9e936033e796acf2669061f039ae3b2f6341c29338badd7912cfc3ee812
tools/real-snapshot-chrony-reference.sh	tools	0	0	0	0	2	162624aa74e13bcac922d7f0733f32b55d4f331cdee591a104474f1153507bd215cc5ce032220eb80cb4009d8db1465b3dd15c51c4fe35c51a27a957b2186200
tools/real-snapshot-python3-reference.sh	tools	0	0	0	0	8	c17b54f46863f4563945d6edcde56da5154d7c40eee1985f2851b78ec8afe71b22f264c7e51c0cdf788526948d921181ac87386226ebcd9e3a38dc408be7dbca
tools/real-snapshot-reference-launcher.zig	tools	0	0	0	0	3	8048a6eee9321b31e3359dbe9c2853a562d905a25696b0077084f62c9e4b61968a09785b51295f79f9d2a3bb85dfba55b53e4a1b6c8f9f40fc098f68859246b5
tools/real-snapshot-reference-order.py	tools	1	0	0	0	2	48d6d43b6813ad0eb9c38ffb4bde3895048a5d992a99507ea5cb899d0ac0be888c5be9c65f2ded1c995bdb09f316c13dae644bd76f333bfd2f074f6017fff377
tools/real-snapshot-reference-protected-ci.sh	tools	1	0	0	0	32	f6500f3dfe7f6655d3e3477e99cb61b4a5cd7a6f240ee9e84f9368af7c8130d65008118714c9fe66de65bbe30072bd33c1fda92350e84c0aa182efaaf0b07b41
tools/real-snapshot-reference-protected-stage.sh	tools	1	0	0	0	20	9c9f8d5edf8dc7731a396b53e4556cd0bc595932ff9d8d9f3c5488b2a994dfb247c099bd810ac18288dfa5b6842ef20731f7381905b1f7a5b1b2d367965efbae
tools/real-snapshot-reference-tree-check.py	tools	0	0	0	0	2	0520eb9188088828aac2b0dc88b440e1cc2b28828e36b5b864aecda328eb007337454a192710a38864820543c55c232c972ff7b2c767a9f87734c6b0fa35c01b
tools/real-snapshot-reference.sh	tools	3	0	0	0	4	44d9fb7e9c715f2db67b52cd5f71a7adb755256a1efe416ab254378c3a804049f6b2e85a198a1fa38572ebb940922c63a7f3f2c7d4fe1a6e1fd4758927a03cf9
tools/real-snapshot-repin.py	tools	1	0	0	0	65	405fa71f62e6a61e815f471a90655439762bfbd1f3992b7e982f3b664044eddabeadad761fdc2daffa540776ca81d868da2d26b706c2710f3c764ab063db8a32
tools/real-snapshot-signed-proc-bindings.sh	tools	1	0	0	0	4	0725711051ba86e3db2e83cf03cc49549cdf156a840632801c926156304da685e162fcefb02f0fddaf68e1a888b2d8791970b4fc47665f9e18796a4494561a3a
tools/real-snapshot-signed-proc-compare.py	tools	0	0	0	0	19	c3f406ba0a38c4a3a7507096208c6dcf71e407566e978386552fe323ee6b029b49156ed05204e45d77e511f83e54e1e454474c0c862bcfb19cd55778447d4fd7
tools/real-snapshot-signed-proc-prestates.sh	tools	2	0	0	0	34	f10ec106a21647deffb1713d8da3e66a156f2d15d0d67a47ca818b0332eca841810c1e535ed76f1261f4601f769d757994c3147451239dff9e94532c146bc1b6
tools/real-snapshot-sudo-reference.sh	tools	0	0	0	0	6	43ae018d8c42183609ff30dca7500e9fd80f395ff825aa6ded2ffcf3b3a44f90b7b639b3a7d216c28617df8221250130c3d60186b356e6da2809922a860b1bb8
tools/real-snapshot-systemd-proc-reference.sh	tools	0	0	0	0	2	da2a196dc689736cf8fc56b53418b7a2b605c88bdf4ce510ee811c449493f479efcbf0c5c740bcb25470e25fee2a189a16556659fbcfcf95de69ac559e160d18
tools/real-snapshot-udev-reference.sh	tools	0	0	0	0	2	c6c8a0ec1a0bd70258b09a7d08d2a82d683ec6138be54fc306e25ce336da34055a8c2effdd51cc6ef9a2d05685646fb325025936ba73208813f78fe1723bae04
tools/release-workflow-policy.py	tools	0	0	0	0	4	87a7cc6ed650481c8d9128170155a8aee021acac60a68e9b8665bc61c09750b0b41464bd9badabab5cf6bdee063926997a443ad3e72fed4be5c28607d140d38b
tools/release.py	tools	0	3	0	0	0	dfcd766ffefff046839b1bf30c188065686a0524d506ca2a8a3eee583b45a08d7dbc42b78bd419d01277c93fcb898faaecec251c598ccedf06341e067efd5d33
tools/run-dpkg-oracle-isolated.sh	tools	0	0	0	0	1	3b2f6c0ba26cf368e131275958f3bb5304a41a874599067a33d4801a4028bb3dcd9e84a50485e4c9b5c6cd3f19e7f32adbbe4d051d0b879c3941a325c4b3da3f
tools/test-cli.sh	tools	0	0	0	0	1	428e6d3640b556258bb89d1b40cc23cf66e217d8b9489915c6d20fd48e613f80dbe8061d6e11c87a7ca9ef03b91e0aa8ba7057cb9af2b5f170d82d539a0f95fe
tools/test-integration-roots.sh	tools	28	0	0	0	173	6a460d350be0197498b1b32eb267dc4a2f757cd043e277d7ca61e7e571afdc03ef7b8b6255f033a1856bfe882535f03bbf06951722ebe833380ffbb0036ae3b7
tools/test-live-repository-add.sh	tools	0	0	0	0	5	84b342b0456601acf99747f581df37228f796b357dd97ec434d09d10b797c4e52f6993597122780d68db75bb1d1bab884c2a95ca110ce7193e337e9fca10baef
tools/test-release-install.sh	tools	0	12	0	0	0	7a7380d1eb443e6a2b2abea5d8d73af08b2a4bd16e2da8b89f1067ee809c8fedd4b452529d2ddd5cc9bdce54a6a627418c512ed8bdad8e78fdd685eea7b7c1af
tools/test-repository-add.sh	tools	0	0	0	0	9	81d072102bed5457f8a101a3c79084d8c80c12bb2b30b24e4f40f35dff35308ad28cbacef3be889c155a57d3950b101192c1c487c72d559a43e15b95cfb9b4f2
tools/test_debian_stable_closure.py	tools	0	0	0	0	29	cdfbae549f8a121cb2e4e32b13cb1a1aa21bfb058159a9ce53b862e00999f61474da6ab0866ce6cba9a85d947dc956f4860dc0c8b6794d1d13ca1b54b710ecb0
tools/test_debian_stable_readiness.py	tools	0	0	0	0	53	df195e918a1044044f0b73651925c0d0c090b80382d8281aacaf024f110c423b64202fa036632d99284b8b915ecca83f862bebe5a31bbbf1d0ae4d51311e10c3
tools/test_dpkg_alternatives_reference.py	tools	0	0	0	0	7	7d3b5da5ed9e86bfaaf94945f1d749215c03d4b39ab9bd9adf4634185ce755659e0562e541f07a236990310e0b6d4bcc833845cef8a126f40af223886744899b
tools/test_dpkg_config_reference.py	tools	0	0	0	0	5	2ad7fd7e53cf56ef699e9791b521c4b6061ab13cf4b45a89dafb7c4f5aa0bef4baf9e97d6b8dfd87038e6c68f5134aab63b53cc24424c93cc51f138a4163d8a4
tools/test_real_snapshot_reference_protected.py	tools	0	0	0	0	1	e5c3ba566c58c01839010329dd4146ac5d1a339c83bcef740ce38da4c5dcd4602abbddc62b763d90a7c7a426750aef4610406c3b28eeb1c34abd67fc30527f25
tools/test_real_snapshot_reference_protected_ci.py	tools	0	0	0	0	14	0ad11415dc196b3e4854569cb43c3c5fe751892b2b392b8fbe2cf18eed402c2e4396bf20c21d9e0dc444cb73225baa1bd0c5488f2b924090dec0bb6e17d77692
tools/test_real_snapshot_reference_triggers.py	tools	0	0	0	0	4	cae1d1bcc65fff1fc64d7d6bb525293277f0e9215aad335df5f56f8ebc4dfd7c5f9550d2afba2808e9eeb22d561ca4d2e1df67e3e04462d38c07cae944c40a69
tools/test_real_snapshot_repin.py	tools	0	2	0	1	38	d902a90f92f6254faef6e745fc298934573e72dfd09a1d078f0d252ee37304dc6a6b91733cc5847eec3bdaf32871dcdaafbd35da9bd21fc8928c411c719c889f
tools/test_real_snapshot_signed_proc_compare.py	tools	0	0	0	0	8	b1b3ae3c7b0172ab4a0cb6e8bbd6b6a53fc5d00d5e6169597cc4389d5076be7e559cbd69d63aac52fff3a32a0d39643d0fcd941440902e65088804413dd0da75
tools/test_vendor_state_capture.py	tools	0	0	2	0	39	a1458c23cc34613b2fcde44d48d9119668f2407aecf30eca2137d245ea9d622b66119dd932db3ac27dde83b3aa457932b4d26e993818c47ba31716539a890323
tools/verify-minisign.py	tools	0	0	0	0	9	575c1932cee1c088dd6035f6d32efb56c2f0881cad731c2e6a6b443e7f314ad5813f4ba8960875850a87f243bf39d1b14f27b136fe8ff2e766e8806c1f7bac03
