active-root-configuration-hex-controls	schema/active-repository-config-v1.json	2	a3bd760f927b4316a175747f24b249c093e627e76e318202503d06d035a789d2b0f011a7d38836b022bbe191a88fb51629b62dafc88059bd23a01501f4d55527
active-root-configuration-schema-controls	schema/active-repository-config-v1.json	4	056eeebd9cbea74d86ba52e52eac004946f71f27b7bba092569151f52244fcf9514935a51884b878b49247d2e958e1ff42ff2cc872d3b7322706949e80e479ef
fixed-64-hex-controls-and-compatibility	actions/download/dist/index.js	7	77476eed29b06f575f58f153450824cdb3f439b398fcd4a2eeff3775033dcc2498b708e7f56149b1a40b6ed307f7bf7259a359f3bbb0b7e352205d49072532f3
fixed-64-hex-controls-and-compatibility	actions/download/src/runner.ts	7	cdeb8c83abc2a3cfe07c626173fbb966241a0b0d54ebe7461bf1bdeab80e2e1cea800dac9be2441cc6fd928dd6f5266d1871493a2032dd2866fcb5ff0a68f5b6
fixed-64-hex-controls-and-compatibility	actions/install/dist/index.js	7	b61ee605b50560e9f4e791ee78940abc21efeac0459099d4d1d15aadb703318bf404aaadd51bb161de09d2612ce6b9333327ed60d5709e51d3b6d028df3f7fec
fixed-64-hex-controls-and-compatibility	actions/install/src/inputs.ts	1	09d49d629c2abdf72a3507cf04d9cb7a7d360c67035c59b56a7dd88bf2bf053bc4db84ee9f45ba459052ff827e89f46e042bd7f732f4202cba228706dd7a6beb
fixed-64-hex-controls-and-compatibility	actions/install/src/runner.ts	1	573a921fd91353b0208fed148c7f2c47c91b02779e2767e1e695c7509e4e7d282c0bd284ee07cfec3c45ae6195c53b3ca2d8f7169994f99cba5e6b3de19cb713
fixed-64-hex-controls-and-compatibility	actions/install/src/subprocess.ts	5	7a0eadb96cdbfec182963bf1878180bdb3ba20e21061222519059b677d74d8c7c5ecda302b3cc56aff265c69d558c04f4c864512772cca0864db281b2e10d68f
fixed-64-hex-controls-and-compatibility	actions/setup/__tests__/cache.test.ts	1	4cb09c0cdcedacf64b6d3af1d370ce89f5cbd33b7dad22716f5f9ce2ae8df06d314f01ba1e30c6e78e6e4450da3f7b4385a25aa2c2fa9f6dc23c41d0bba0c6e3
fixed-64-hex-controls-and-compatibility	actions/setup/dist/main/index.js	4	e25bb2c637dd251fa59d00f1052b2245b8f3fe7475d2a38b204d78fe03087b756a1d28e5ea68cafcc47073fd5333c77e5ae3818300c0c575c942e63dcb8838c7
fixed-64-hex-controls-and-compatibility	actions/setup/dist/post/index.js	2	bc73d73478475505e7a3e7c854b4a0af037d1c7cfb3f7f822761b8002ea71b2ed86f3b28d7ee5810a03637b5fda9bf4d3a91d8814a18842e780cdef3ce53e131
fixed-64-hex-controls-and-compatibility	actions/setup/src/github.ts	2	fc08247cb7ad160abed46548b1304772d8b597c2a8482ce4b9c8bb1576c505c58c836f37452466fc220eb0a5d3ad487d6eea16e09f170aba79dad510d456cd63
fixed-64-hex-controls-and-compatibility	actions/setup/src/hash.ts	2	24765dadf7e334c141e9ffc849719b0518097a63bdd16d66d00d9613f607a307e4ea87590232121621c301f4de0323a495a5c9f5c317c2bb1090847b472edc6b
fixed-64-hex-controls-and-compatibility	schema/apt-config-snapshot-v1.json	1	faf0fa34caa4f9ad65af9301934b4fef340e24f859e7929dfab9398a93134b82296b651221f57d386d11b4a391f4a943ff957a5b36ad29f4ab46db8279b29093
fixed-64-hex-controls-and-compatibility	schema/apt-config-snapshot-v2.json	1	7fd7f9223ad07e28c8d601e174f9fb2680ad450438dbbccb929f4a807d85431d3f282a3381b51b882ccf67b730ac648e4aacfa49b1cfcef89039f64970ba6065
fixed-64-hex-controls-and-compatibility	schema/apt-system-execution-completion-v1.json	1	6cee0ea641dcea5cfe794d6ca8b288ae7c34f601c7a5eec6f949868a400e8128c396f149c2856721118e41bbea65c7dd3e8f3feee0354659863b7f3377af856c
fixed-64-hex-controls-and-compatibility	schema/apt-system-operation-state-v1.json	1	f138a2dfd3253535746973b4b4f8202e8371f6a17f6ff1c6798bfc755214d8d9c38fa0870970b2687a19b33b97109097642c8cc38094fe735594e2885e98af5f
fixed-64-hex-controls-and-compatibility	schema/apt-system-result-v1.json	1	2d2b165c70f16c7d307bf642dd46c1c11724684b1329a9e0171390aafa5ecff2a80c26ef481b6994e7f4ab44edd9921edd8656495cb1250d297b81680411a477
fixed-64-hex-controls-and-compatibility	schema/dpkg-alternatives-reference-v1.json	1	9da9a3a1f990d0ce738f95432c7f232af3b366c0e3f090a8a5242992ed68226cebecea90d28016235c787aa13300653e16148f3d5cb3f057b95e624d420f8473
fixed-64-hex-controls-and-compatibility	schema/dpkg-config-reference-v1.json	1	bda055ba8a3f39a1a4117f81ca7112e0019657cae1fe8a95b994b0b721514a268131e0ebd415cd9cce94fc1026cb63c48168df6c34f115180feebd01becf6aeb
fixed-64-hex-controls-and-compatibility	schema/dpkg-oracle-execution-evidence-v1.json	1	9ef6946d3e5829976a992afbc2c49a496a2d91562400b6916b37e5357d646943cb3a02a8c38525cdb07d2e6f7e62a849829011a399e2b25732b98c45839ee164
fixed-64-hex-controls-and-compatibility	schema/exact-closure-lock-v1.json	1	cbdb841b66bd156352e4cc5435a8e4411c0f7bfac4a64dcedc7a21058e670e94d3cbf4c1997e2ac0183c3aa414f46c4c2f9450ffac4848f7fae7cb33d7ae5c74
fixed-64-hex-controls-and-compatibility	schema/exact-closure-lock-v2.json	1	0298d9b5ce92587b3afc1b0a7ac2619cec1f654f449049fc2a3dbfc06a501fdad08591334c57d48c7cb19314455d2a076a71fa1b177ce5ed633d27a06f8f3268
fixed-64-hex-controls-and-compatibility	schema/exact-closure-lock-v3.json	1	fa0e7a119b2acbcb362167c892b787f1349c05a7d83e77545514b2ca017af4cb06ffc2b624099735a507941ee963dc954ba952ebae0b846750aac74bee3178bd
fixed-64-hex-controls-and-compatibility	schema/legacy-capability-evidence-v1.json	5	400e9dfaa55002956ec5cd0575df20d743b3bd11b7d737b4f20970a3ca8a55dd5e0db94291b4cdda1550e53687a4af4885c4b81aabc86d93e89e25b5860cad39
fixed-64-hex-controls-and-compatibility	schema/native-diversion-cache-v1.json	1	c79504778c856534b2d58f765730c09573553d952232e995bee14e04e9f01fffda799de56d62448171e6b871c4621cff3ccb876729f2fa2a3a2b4e6f8a5ab9b0
fixed-64-hex-controls-and-compatibility	schema/native-dpkg-reference-receipt-v1.json	1	641d96aad42b8814f58ffa01aeba4324c79563c2bbc999b704caa3dfc0cde63d60a003f104b8235e1ff9997185960411fef5780c0ed0939cba74f9d48b9b2ff4
fixed-64-hex-controls-and-compatibility	schema/native-execution-intent-v1.json	1	8ad65d99e2b89613dd726092f67d8838833e5d9599f2ab45629af6c580aa26b3769547de31c56e5e041ce2b05e9463e7e95f50282063a01d8752bb65c5ecf48b
fixed-64-hex-controls-and-compatibility	schema/native-execution-intent-v2.json	1	05117bd6fde0d45275e4fdc93d01f2cf26de26872b1bdb0ecfc694d15c4256b8b9d4321e188d723ab3f59b0099c5146dfef358e70180339d0a2d7e59f837aa3c
fixed-64-hex-controls-and-compatibility	schema/native-execution-progress-v1.json	1	317cd721d9926a273778273f00e11c0bb9803f21f7ce9365f62d63add6fecf8b8e67ebf6cec42910d5b826084816434696dbd29db829bf0bb7d326dc25fb70c4
fixed-64-hex-controls-and-compatibility	schema/native-execution-progress-v2.json	1	777fe9c5d95aff8b6b105be73dca0bd52e0c492343cb9b75eedeee486794477599275d9e3fd34c3b57650bd8e3e32ebb8807f77c283bf3114b8759d710e6f0f5
fixed-64-hex-controls-and-compatibility	schema/native-execution-progress-v3.json	1	2d3094a8dae2471ac8d13b2e27349a222fd0368a336fcd619e0ed7b2c29e3b5e5fd66173d744289a4a5607b1f1aa24343620d277b47f45ef16e0496a8bd69ad6
fixed-64-hex-controls-and-compatibility	schema/native-execution-progress-v4.json	1	a9f7c2373cacdaa3037f6be88b1d3c150ec70fc688abb8656e5a63933df735c97917a4afb62f44f8480047506439872bce6e67e5792f0f3fb0a589906b437457
fixed-64-hex-controls-and-compatibility	schema/native-execution-request-v1.json	1	cee65d8e8a6716e5defcf758592fb4b2a1df17be7ec62ece2f141e11ad92aa1bb0628b2a871250b268d247b98e5259fe0c51403874c9881253e54b946df2e454
fixed-64-hex-controls-and-compatibility	schema/native-execution-request-v2.json	3	eb067ae6294048156dcb9d689a9d94af2e0bf490fbaee3ac8db13bea54a97af5123ddb67d6fcb1819d4bbcfb426defd191b269441995d20a6fcd57bc0b4d1bee
fixed-64-hex-controls-and-compatibility	schema/native-execution-request-v3.json	2	3c6877e0db9af031ef4e462ebc344940afd50d28e6235bcf10fc04b8cb3107ee6e163ce3735e952dd257d1776964d7b5220a449820ce33d80f00690de288906e
fixed-64-hex-controls-and-compatibility	schema/native-execution-request-v4.json	1	8ff29c3aaf43e4a71bcc17131044fc842c26ffe991564b32174df83c97ed8b3ff27f86b5851730df98deb4b6f32125b137f30774940aa01eb194722e088b8f40
fixed-64-hex-controls-and-compatibility	schema/native-install-result-v1.json	1	9d80f44cc3a9774b3c32cf72f9c70ec9523323ac2d1cb861d03bc2b0c065a23e98b12c9bf1128b0275a3a7dd136083625cb2095f2864d13599753cbafe4c582f
fixed-64-hex-controls-and-compatibility	schema/native-managed-state-v1.json	1	cd28c44fdebaf63a0535ba321350aa437068047e4ee566a504ada77167f3c935c6e96262476c97bb0766cdc5acf6f2f91723eec7f2fb43766567c9a7961913b8
fixed-64-hex-controls-and-compatibility	schema/native-repository-unchanged-v1.json	1	349ad4deaf6366d0450629e67d167d3dfbefd11cd367655cd9dd4556f92ccc61d8db7d2296ef3678017a4a862feb85e8750cae2ab7e45ef0b703082c9ccd6564
fixed-64-hex-controls-and-compatibility	schema/native-script-outcome-v1.json	1	5d813c3a4c6e5948f52ab1facbc4b14e3fe3aa437798827f86bbd12b5af71ac529d4124b9a9e5f48e874ed02e8f943cffe4942999a65db2accf951088a425dd2
fixed-64-hex-controls-and-compatibility	schema/native-transaction-authorization-v1.json	1	27c05a32ac6e20a7f1d0fe54dfa00b5f092ade559c6a9e0d5e09e8787c91d7a34d934f0608b93752c3c7f597a83a58ee7f58f3ff41e19ad36d4bdea6b9781489
fixed-64-hex-controls-and-compatibility	schema/native-transaction-authorization-v2.json	1	94aa9cbf55aaecffd8ca814eb4561c0c77b565689dcd3648c76ead774a8251b75ef12fb6b7b9f823000c6de77520ace18fee4af46aca9c581c337eef429a1845
fixed-64-hex-controls-and-compatibility	schema/native-transaction-program-v1.json	2	b9b93d171385a2c32d8b3ed8c07b186e147468124bc57638a524683667e9c217e7ea2508616e1423a3b14b0c103d91ce6e762701d9c34d414143a024fae45ac2
fixed-64-hex-controls-and-compatibility	schema/native-transaction-program-v2.json	1	9d2d035216e5b78cf1b828eb49a1c7dd673f34d19d15ac111463ce80c4a7c3d6115564435d4466d588f2704b5165d6ff4512737849955b53e712762680a52e29
fixed-64-hex-controls-and-compatibility	schema/native-transaction-provenance-v1.json	3	8815e9fb21daf090d1b148ff41c935fce16b711f5d99c5f00637e6a9eda775121e75bdac244adcb0428f1347b35eb43fa2aea3433d97b72ee91490a7062c6580
fixed-64-hex-controls-and-compatibility	schema/native-transaction-provenance-v2.json	3	1f15d1bc841682047e0f8f5dcbc0524e85247e74ba9396e6195f928eddf479f4a06c0906ef47769a149a44d1912f6e111bf671b86334ceaf6d9ad8e6f3e9a7c7
fixed-64-hex-controls-and-compatibility	schema/native-trigger-events-v1.json	1	2af6e5e07f0ca9ceb488c5dcfcfe2bbe3d5d22279c1318a6325e7c4a059f0438c7683897875deec751ec928c4f213d8f7809663329d1ffc027e332818c8b0efe
fixed-64-hex-controls-and-compatibility	schema/native-unpack-diversion-v1.json	1	124d3b93d320e2df282097bfb6e10ed612352883c841012d8161cce40072bd110e2c4f54b6956024ef3406e3e7c52067f8b0b1a271c1da74788a534db97a7e94
fixed-64-hex-controls-and-compatibility	schema/native-unpack-route-settlement-v1.json	1	0d648dcea810ef62290cccbc73c331cd2dbcedc6925288e07e6b2ab8f7c857a8be6488eeaa181b788844ad8e239c46ec35dd980ad8829c8a6010f9dd2157f947
fixed-64-hex-controls-and-compatibility	schema/package-cache-fingerprint-v1.json	6	63d24f3460ecb348fe2b71b3ade526d701c515c60901d30566b8b46a3926f67d88ac31d5eb9644ba3277756dd33542a5656b1b8f071353e1e4bdea8e6f6216df
fixed-64-hex-controls-and-compatibility	schema/package-cache-fingerprint-v2.json	6	2d91298c7abd62671055b39d7e0bbfac15a3c8a0e642b665ae54c55bc48b56128e854642f259df004f80dea5174a696082f32b81b8014e5ff9c1c1358126b53b
fixed-64-hex-controls-and-compatibility	schema/package-cache-fingerprint-v3.json	6	6b6e2497f7e368c38bb83c64d47f7da38641b41d082dd85e412a55928548e2c288bc3005d6f34a508f358fcc8b464b5f8a018597e567ed64da4abf78c934795b
fixed-64-hex-controls-and-compatibility	schema/package-cache-fingerprint-v4.json	6	70170ce3f3d0dcc22e90f7eb0ef5ae01d7c1c17dbd44f10c89ae307d26bac99df01e7adae8f1974e8a361942a48668c903ddfef494a62b6c78063d13d667b8fc
fixed-64-hex-controls-and-compatibility	schema/package-cache-fingerprint-v5.json	6	252f690b69bee317d57dc5fd2f6313e68bd14c03cfedf037e4a8f65452fb105fba97efb9eef0dcb1bd17e2824e729a16ae21c0917527f03d5aef62efdcd0528e
fixed-64-hex-controls-and-compatibility	schema/package-cache-result-v1.json	2	62a1af013277d60c20af3d341dc86ad6949d309175ad7367eaef054c710cdb5fe132b112c2fc925baea5a8cd9c438ae4ff22b4627331f84440d2ed0e7b6851db
fixed-64-hex-controls-and-compatibility	schema/package-cache-result-v2.json	2	9f1968f6fa20fa109b9c6c27e70a2f8664b6b12cf770bc8c7f9a46af04c3d2000b0474bdaa726f1b05a444596ebcb9fefc1999bd75ed250f46fe178a3ebc71fe
fixed-64-hex-controls-and-compatibility	schema/package-cache-result-v3.json	2	97ad6d01633db1fcdbab549585f22776bac6492e34adc688965ebdcbde0ee3067f110fce1420d2d93adce50fa56b89ab6dd3a9df4fea9c91774dc829bbbd0996
fixed-64-hex-controls-and-compatibility	schema/package-cache-result-v4.json	2	217820858cd57bd087ac75a83ba7d45ae7fa42ae60e8f52a8934c71e2ba1445937aae1c1e065e49c5e6ed2c821d4e1b42b45db52ae3cfa4738bb9d63560e1d8f
fixed-64-hex-controls-and-compatibility	schema/package-cache-result-v5.json	2	45873dc0cb6c44c9313e6df9916f66d65dfc9fe402191e42d9b94dc34509671049707ec37996da8d6a0be7a4730b9ad0fee0900af612b9639770782b1f1cf6e7
fixed-64-hex-controls-and-compatibility	schema/repository-add-state-v1.json	1	f767cbe1334f9b73428e44755f1d43e5d42d5eac02f25d0d7c2ccc019b0a938a597b93d016a75878ba799785ec5724f5b1bbf49d9b073cf0d4db657e235dbe6e
fixed-64-hex-controls-and-compatibility	schema/repository-operation-result-v1.json	1	244cace03c5253c925b78841b9517c71654c0bbe2b7ff35dbb29dbdbc3c2fac75bc2233534ebb178c645f7a502834fec13152ca615804167988130f337259334
fixed-64-hex-controls-and-compatibility	schema/root-mutation-journal-v1.json	1	34399ccc71ecd105c3d4946e7d574d6b4022444ad16c3d97694a94a73b3f30a95832d6efda715d29700032a0eb1f038d6713c59fb2b2c6a1a1a457ed90bcd0df
fixed-64-hex-controls-and-compatibility	schema/root-operation-completion-v1.json	2	d63013f051ad8015ab2f530432cbd6c034ccfcf530e3b2d900895f16170c50ba0121ce8db2ee584ce96a9d13f874beaaaf9e2900d5d099964b423bc2e5766a01
fixed-64-hex-controls-and-compatibility	schema/root-operation-completion-v2.json	1	af73755bc34f3970a5606610a834211cbaddb9ece99bca39c35f2076a357a2b2b2ede5031a5b32c74d4a8384b980659bf8f22f017ca27fc7be3c49b2aa640ca2
fixed-64-hex-controls-and-compatibility	schema/root-operation-record-v1.json	2	3c9f25f8e80ff40d386ea941f101be0060fa2948dcf6dde91df1c9beb4fc252a24ef4089fca208f3b1a77be16488b200e0fa6da593b3b4253a615492344fd3db
fixed-64-hex-controls-and-compatibility	schema/transaction-plan-v1.json	2	cf1e0993f3e52e8e9da45d51a03a8d570c61fd9d3485f392349aff8a1e6ba3576941ed514186744c4f2e6a88e5ed2c7d30ea6c980b96d658b04f22d9050ce1e8
fixed-64-hex-controls-and-compatibility	schema/transaction-plan-v2.json	2	e77f15b7fc2c8f8ee9acbc615b0ca7d60f74268d63b5a72c2c75f3c8955d894730b5a0a749bf50c59ddfe8665dbafacd93b4a54c51f7631a591e9a5f9d3d78d3
fixed-64-hex-controls-and-compatibility	schema/transaction-plan-v3.json	1	ac6ffef2f2f8670f23254999b3b77a1076ac9fddab2dfd1789f92c9093dba375d1c9bfb1d9690e2bf327c5c35a8c983b81c5063c1512b8782f6acd12c8aaed44
fixed-64-hex-controls-and-compatibility	schema/transaction-plan-v4.json	1	284bc5cd51cb55554d059ac24ebd2253fd946ce61bc08fdd8aee39faa7d510781acd1ccb0d2ee962ef9e4c3ca4d2bedbbeba4c8d2f077e09003e47e7e244b097
fixed-64-hex-controls-and-compatibility	schema/transaction-result-summary-v1.json	1	0142a0cd8687694039f8023e958703655fb4a3c866414963196c6dc98904ad5e4633b1c32bc86117fab69ef85c7ec4c4c9eaf4279a57bc7eb090a36c387d3b67
fixed-64-hex-controls-and-compatibility	schema/transaction-result-summary-v2.json	1	0478bfc096775818a69bcefb32c90db542a268d2cb7331b1984044e7cafbea9076fa5cb79ba3e00162afb58801fae2230ddf231a8363384eebb4c10aa7c6a634
fixed-64-hex-controls-and-compatibility	schema/transaction-result-v1.json	1	b5393a86410f67c809b338fe6af021ab098f2b4e870dd263d3a280266d8bed7cad17a9bc459fa364d44ecef521ba952e3b7a320c8ac6b9194e4d143227686e19
fixed-64-hex-controls-and-compatibility	schema/transaction-result-v2.json	1	0c8ba6d266ddadb28ee0e615150318c4c2091ee36ed02ce0aaaf62f5dfa520ee68a459c58dac548477e9019ce36ba51d35d4ecace3bcd3b16c70abcdc74789a9
fixed-64-hex-controls-and-compatibility	schema/transaction-result-v3.json	1	79631958b7f5435e1109d53ccd741284d50ad7008daaa414c337561d82ca0b2f2207836f4677a063af6174f671b5582bdd5285f41e762e3bcfac3768a7beadf6
fixed-64-hex-controls-and-compatibility	schema/vendor-state-inventory-v1.json	1	6ac39c8851290d459b70918b7809f2b2b89173a38cc072169c4992011d988ad36710a1f46b791d43d6e09f4702578bc4ae3f65f03854cfb28c0a1a63baa6646c
fixed-64-hex-controls-and-compatibility	schema/vendor-state-reference-v1.json	1	581322e24fc47f265aa42ca705238a42a8b0065ee9eac404f7e62a603a3eb45406d5739c180a00880eb52055531eb395a01537b085487678e6188e43cecb470e
fixed-64-hex-controls-and-compatibility	src/exact_lock.zig	1	7a87ead74690791d9136fcb95f7efeafc81ae468cfd153edab90ae6e39c261dbf6bb1eb5b76fb3170db2c1007add1f9fe83fbefa6155aeaab8c96d72b3d1d9d6
fixed-64-hex-controls-and-compatibility	src/exact_lock_v2.zig	1	30fbc0df2979486eec6b39fe7e62a1558fb12461558debcc1b9d503414dc92631d641db1357dd2b251781bc6f3adf2e8c060d4db9c6b59e6d7537015de19ec7e
fixed-64-hex-controls-and-compatibility	src/exact_lock_v3.zig	1	74bf05cef39941ed35c9f5f1b17168a9494749296027421d3ca968ea52b92fe3c2089b44f8cbda06494b393555d62670d60d0a08b663c50f33ab0603f4e390f6
fixed-64-hex-controls-and-compatibility	src/legacy_compat.zig	1	6ccab10e642f53da177f6db7061aeab2b4cc81702cff86bc5e5a9ef94d64ed948fa47198f2f2acc9f60c4cc154689a8dd3fa0e2b1b338627f44ddbda877fd757
fixed-64-hex-controls-and-compatibility	src/native_authorization.zig	1	61a3c6b06e17f798ae951bc53d9561296d33ef1b33bffe42e708019cad63064d8269a2e839d5b4b519df1336b6469ddf9cc15ba29cae74ead6171f4e850145f2
fixed-64-hex-controls-and-compatibility	src/native_program.zig	2	6889b0fe30067095caa2caafec45efc64c81841bca61507918d277d1a48f228ca6968e88a143f8524497b57eefb328457a16984a8d8066041163be8f558181d0
fixed-64-hex-controls-and-compatibility	src/native_trigger.zig	1	c61899c6d257b8d3fd103c0043d5c8f3acb0b4538c1524ef8cf2993b8a061c675fea88a08053e41a39b0ea534e0ab6c536da2ecc75046933bc2e0df9802cfe62
fixed-64-hex-controls-and-compatibility	src/package_origin.zig	1	1c4124d9f15a20b2422b7501a5c2f2a77d290aa0dde5bc1f222185d0750054ebfd66b2a6a54d63c646444c12d0228eec5c32d67b56ec0a8dd61acee1a7c80e4f
fixed-64-hex-controls-and-compatibility	src/repository_cli.zig	1	513e937276be21bbe5c70b088b00a8690b7b2d75f007ed4ea40a92997d1096da0f12a1d4bce0727e6b0689e3923fa7df28dc7b5b317f41e70bdb3529490cd426
fixed-64-hex-controls-and-compatibility	src/repository_plan.zig	2	f1d2c047d466290230b44618c8053612b46c3386a556ed23ae1ff1c3685f20c5809288b1c9d8e2896c02a1abc374154dc4bd13bafe9edac690562f6d446b3d67
fixed-64-hex-controls-and-compatibility	src/target_apt_config.zig	1	7fe00fd156e8d2e0fb0100dfff484613e9ca205ae58fddfcc8e056fd36161233640cc2e70dcb378c7d0d95d68712b2316cec07c7e719549c3883f0b79d40c921
fixed-64-hex-controls-and-compatibility	src/transaction_provenance.zig	1	feb7a2c387474443db5c77b9536cd16eadd3e6e63d5e5834bee7a823396b91e6811ac3a2614fb3b5d5a29e01bb163b8a3cda84a2f09eeb646f5ca548c747e680
fixed-64-hex-controls-and-compatibility	src/transaction_provenance_v2.zig	1	c4b4957e9fecb1384ff1ba4b4439152adf89e1ca58a697f3ec452237a98cbc92fd8c17fae9f51b96cefd9220970525850182d0e99142cea6605d3d346724aa3b
fixed-64-hex-controls-and-compatibility	src/transaction_provenance_v3.zig	2	9f2f9731ad07774fd75084939c8a92756d46c48f5ed5a6bbc5177a48834b1c8d247faae3b2e2cb2013e9b11758bd1f365e70160aa050a109847881b9cdecb047
fixed-64-hex-controls-and-compatibility	src/transaction_recovery.zig	1	332ee3d246bcba7f16d05481a5ed423278d96805346b0552b256bdac562b43c39839d2790f71b333633f5c18119fd04b0985774f0e27ac169d53e238a9aeddc8
fixed-64-hex-controls-and-compatibility	test/apt-system-schema-validator.zig	1	c1ca6411131e6654655f90f6d27b369f83167635cad7e18239efcdf27938805ee12f3d2bfba29e7a37353673bc889e5b49cb81722b5f25f24cad42fece06500e
fixed-64-hex-controls-and-compatibility	tools/derive-vendor-state-reference.py	1	a1baab04079c8677e4221b8de08a3aa1e0a11481b692f9671eecdb50c3559b036bd6264e55e0a5c2ab54f83fffff20be89b6bd110d93a6b8e43f007426f52d24
fixed-64-hex-controls-and-compatibility	tools/native-lifecycle-fixtures.py	1	9916e8eeadf3747f5212b9e6b43171227676d1522142d123d9e2fb9970a34a0d84420f993d0f40a703e7182465cff365434217974606bb2ba274f08af90cf2ee
fixed-64-hex-controls-and-compatibility	tools/test_vendor_state_capture.py	2	d752cfb2219abcb01afb02dbedcd5bfdcc48cf5218d7decf9c0d04700ab2a215f3b3a45f225ef761a6f6b7db5ba1660b7f9108231b034c4c1b4df64e4cc10407
fixed-lifecycle-control-assertions	test/native_failure_schema_validation.zig	1	a040f0a4794ab67af49342cfe4a9c1911e842918c0c989a9845a21ec8ba6ba926c917a5ac316441268d5d06a613d289c9e95b57118f17b020b3628b574edf0be
fixed-lifecycle-control-assertions	test/native_lifecycle_acceptance.zig	1	37c34e719c0006a52eee88673a87782207dff272ed1eb17500857eca50b10903a3fa70158375347abe3830e6f5d5272a4f16c4f2608819689b06053444cbf733
fixed-lifecycle-control-assertions	test/native_lifecycle_negative.zig	1	745b9698c1a42565cf8ae45b2f4e11c692f38c12132b0cde57a4880c7ab012def9cff2b5dc84290d6d524b13ff2f4146efd7b562d6157837313286531eeec00a
fixed-lifecycle-control-assertions	test/native_lifecycle_removal.zig	2	b3733cf545dfd731901af2bff1a523209a606b682b9f2dc7eae69876e1a43f193cea77f6cf7fa007da7e4f5ac2ee7d6392d0b53727231fe73b175eacdf2fea21
fixed-lifecycle-control-assertions	test/native_lifecycle_support.zig	1	766b53cc9a27c89d3ab2483be714f1ec00f676212233319419a14d4644f29ff1e8837fd1ec6dd87b4ccfaac748cb8374e85c1417dff642cf04850d3edcf6cb30
fixed-recovery-handler-schema-control	test/native_recovery_oracle.zig	1	590590a536c126c6c7c6e33268efcd14f444132860bd0827a679cd5bcd6d292ff3fe1726e5524b8e5855bedf6dba25607c298a379cdd2f58510888b419840926
historical-fixed-cas-layouts	doc/package-acquisition.md	1	0c6637378e96a6bfb46fdde1f396028da9598c2f6c23b1869628c7771585592e3de00da746d5c4cf56a3893a2518e3549338eb0270b10fbc60a5cd2dd466d03d
historical-fixed-cas-layouts	schema/package-cache-fingerprint-v1.json	2	e684748ac9a287aad6eda6adcffdd587be3cf66d6cbe01d8caf016dcdeb8764ce5d5daee957e0dd09a646ec14873073c7b7cff7dd4a62d8d1cdbb0421978b118
historical-fixed-cas-layouts	schema/package-cache-fingerprint-v2.json	2	a6a35d48d5aedb41a934377478f4048929e8e3b15354b21453a9f293b88bb88dfad130aa99de08f84cdf5113a6228c1ef00132c9111c53a1083cd4ae86bd12fa
historical-fixed-cas-layouts	schema/package-cache-result-v1.json	2	d7b1fc64cb794c4a88dcf69f1e38ee6fe2331c049c6c41f5a2646ff1a2c0928bb182dd1a0e4d09a06a62a5ca5ed081d315d3f34c18831dc52e08fd46475a9206
historical-fixed-cas-layouts	schema/package-cache-result-v2.json	2	9ea3f26f8a6422c650294d23d6c963bb1346e369a43ed9b1ace5b2fac494c617609a697bc46e3b5b3c1513162bb1f9b5c8f4fed73e3c9684678407b8db7ce943
historical-fixed-cas-layouts	src/local_artifact.zig	3	3839fac8a879079c9cba4ac648fbb6fd52a51252027ff80a2fdd7296774534e7d6e415f5dc99f557f142b9061b54732f6385f73b9209143f4b9c58dc47152fa1
historical-fixed-cas-layouts	src/metadata_cache.zig	1	72d7ead185f3c593025e57095c255ec05ef33bfcf1647b1b5c67baacab5a6c058b21e377ec01a1994bcdce7a953096e5c5e94a136aec3640d1989a30753e1907
historical-fixed-cas-layouts	src/package_acquisition.zig	1	fbd211566fc6bf37fd32b21fbc9d958bb0706557f3fbb56673850eae85a3ba11c7774b0aab53e4bb6cd7ac91fe5a3cda0897b629d3d373e1abcbdcdd9e3d1301
projected-workflow-lock-control	test/native_recovery_projected_workflows.zig	4	a80263d8351df26e83c53850a030adb508187e5ab2469a7b2cd4d7db8fbdd3b3217a42fee823b47c0777ce4fffbb07a5275d5493c018029aeeaef7fa7d44d6ee
raw-control-and-compatibility-fields	src/apt_system_api.zig	5	49c2d88da13bba02ae32df2b0920f832f514d042e4efb9d557c9be1b19735e55316bebc99233d8fbaed0f956b19ccb7780724bd85a8d7b8f0eaafd230b886262
raw-control-and-compatibility-fields	src/apt_system_cli.zig	1	fc50ce9848be67e38092e4e6d8bdf98b3f013ff63fcb0760a9fac7b0330628db66d011d36e260424c4883e82ce232173cd15ab4577197d62205a4e108f2314ec
raw-control-and-compatibility-fields	src/apt_system_lower_ownership_token.zig	17	ddf81e4579328466da08b38102c36ae63b81afb03549e9610fc4cde62e7e95cce74fdabce1852cf549d772c61075ec2565cd8b1dd2195073a0663117cab25baf
raw-control-and-compatibility-fields	src/apt_system_orchestrator.zig	27	e091de20a58a6ee9ce79298b520896982c5f0bd268b9efb390f3fcc6e4f1b3fae1087c4d0fd414c7b50a758831bf02e45938e04bb35295f30b93e85decec5a3b
raw-control-and-compatibility-fields	src/apt_system_state.zig	3	eb84c873dd6a55abeb4b1aa32dcefb917c74e063ce7fad1cdb4cd4e4683447e4da66430de91e00c8939f746570dc74ca6dd6501931ec102ea272421f9ab52257
raw-control-and-compatibility-fields	src/archive_application.zig	5	ff87f9eb96d9b753fe166be5b86c59dc7d6208142e3884767679c8ada570f34fbee661837bae0bf701827ef40fb7e0ca8f67bd64a647a2c548d164597904fdbe
raw-control-and-compatibility-fields	src/deb_payload.zig	3	bc638e2b32ea88a6e2752bb7d1e54caf1987dd562a11a284888342a592e7bf4c0864d62554652b501d1fe36cc6cf945ca17179847521e6d184b9938a1d29ff18
raw-control-and-compatibility-fields	src/exact_lock_v3.zig	8	a06015a5e96e24e3b7703f993ad9dab3bb4603543b6cc637c6be6df257df687289e27f255178a0214a547c7af7b6312b9d7fc5b93c3316ad1762859f93b66fbb
raw-control-and-compatibility-fields	src/maintainer_script.zig	12	d9aac229852fd74baba3b61a4c34ca65dc5553a0f30a15d9caa38ea616f2ec119d1e0a856cf25cf9d0130e5d14bfe681b874f2fc0ff599c48912c273e1de98eb
raw-control-and-compatibility-fields	src/native_alternatives.zig	7	1ca89905d5dc7a4574d64aa6c668ab1805d031a5c88b36c7b84c04996fdbb245e85bea5bddcae06633f2081c695d2aca5c00bb0d4cee293d7291caff0e5c9579
raw-control-and-compatibility-fields	src/native_authorization.zig	18	a0bfaade44816eaee48a4e29d0bb6b281933b4126e1c71ed5429e5405bbcc942242f314d21a1ce2a8d15699c88c174f938c9bde7440afe5ef08eeff834d47cc2
raw-control-and-compatibility-fields	src/native_diversion.zig	1	c67a96d0ace10ee6ab700b9faef8fa1a5ea5d9551d495848bb9be4410a5731500d6ead84499d10e9ebf0b539a8d27cb7dc4ad4876445522678f2bbe290e0580e
raw-control-and-compatibility-fields	src/native_helper.zig	1	040093659ddd6a4ece42a10b415bbbfc7abc06d84b281352408e9e86501edc7b90e526ba66e7ae30610880750643f1058619334552c84e7cfce6961ea872de79
raw-control-and-compatibility-fields	src/native_program.zig	14	572c7c101a1b840833f06e50b0da9aac985224d76747a0d0db0975803ccee63fb7a9ef5cacc4d9f6529ae5931cb9ccfac82176be8cb2329631366fecab5deb6e
raw-control-and-compatibility-fields	src/native_provenance_binding_test.zig	4	f1e498b7fdbe14ec29a8391b75f2eb670bb4437f6eb05faacdbf65d9bb4a2341692c7bf758d9c3ec5da4259636119a838b75e14230f77f2c2df8076fec6a7858
raw-control-and-compatibility-fields	src/native_recovery.zig	2	37271c9319d242be482010164f7f66ad486565c1794cb7a6f37a003474f9a668e28972c13ee577006ab876e30d2becf10f790dd9cfc3d495d734b4477d99ffe7
raw-control-and-compatibility-fields	src/native_transaction_result.zig	12	ed81b1900a8fb10ec146c80dc6f40b04148ece36c7c303c7bcf61db3d5607abb08c14e04b3e36bf699a340db399b8cfa4a609caf73463a4ce36b120eaa3a3eb4
raw-control-and-compatibility-fields	src/native_trigger.zig	9	73ea747717c294aafa5a7206b04779be6e6dc1fe3b67a4f9cdd9ac1a1248b3ca7781ec63ee8517571a7f45a6095126429c2a0abc5c1981bcc3d81082149eacfa
raw-control-and-compatibility-fields	src/native_unpack.zig	30	eab04e9f40aa9b75682adf29c8ea8558dc21e023a2cfd32ed6d733ce2a0350d11d07e4bbd0270bee32eb59222a69e3d0745bf2e54cbe86cdf1f27cd207902ec7
raw-control-and-compatibility-fields	src/native_unpack_route_settlement.zig	3	e9bf2fd201359d488791651710491ca360f77ba91873fdb397cfe4b71f23bce423e3ed33fc2c78bede4069eec644f21c973a8330ce0cd51bae31c59375dbe40c
raw-control-and-compatibility-fields	src/native_unpack_settlement.zig	2	0ca62de11730cf07f7e482331c71741a1902d3cf16490db1b0d61772e1512c6365ff6019e38f19203cbbfd4d5a163d651f66f044ce4215410b2e842f3058e1fb
raw-control-and-compatibility-fields	src/package_acquisition.zig	2	4f95987fdebceff81a54a8aac96d264bd04ceac219d5ce1680e0421895850ba2a0e56c292029a12a85fa08040e2384862b169e60236f8cd121ef7a64d78248a4
raw-control-and-compatibility-fields	src/package_cache_archive.zig	3	86c51e17484a0638b1b97fa9cd9e68b083b92bf9dd04c5d50f58a729b201e97c193504f3a0c7be7e7f4218bfd584a9b5ff4b9334a981f396ad4f870cd7032ca2
raw-control-and-compatibility-fields	src/package_database.zig	7	82b76cd440b83f4d16070dbfdb02f7f8f7351352f8bbc7265385e66a1006575206231ef94187066439b9e36a8db3e9922ee12cc17d9544fff1f2efd71da1e414
raw-control-and-compatibility-fields	src/package_database_changes.zig	2	450f3ec9d1a7c787d2ed6b48d308bf886efd56ad8e0fef7c078512635d9cf26a863e15123c201929fc1c02bc0e6f5c1a46e99d82f78a0369980e339dacbed261
raw-control-and-compatibility-fields	src/package_origin.zig	1	fd239c6c66764e4d66e01ce27a3d879b2ffa5b5311ff0964f3a7ba86b6b3a185f6c43a58aff4fb12f0e2293b8cca4bb14b7f0c7d7f9b8ab4c43267e55fa75597
raw-control-and-compatibility-fields	src/product_api.zig	13	894b595cd312ba2c7964244b25437b471b06c8394fa0d49ac445d0c13eebbeb32e6fe50f1407cc590120c03aab07eaad9aa521a43e92233e2818536f3545cf73
raw-control-and-compatibility-fields	src/production_backend.zig	25	c9dc741fe68edc3d06332f51139e37240d3852f6fca83fbb99ab4900ce775e2fd8184125b4a1ce63b398d359157f09f20468d1a9fa55a53cbed28c8b2990aa25
raw-control-and-compatibility-fields	src/repository_api.zig	3	b94459e611fd51a3481fa7969baf8b41b35dd4391a73bfe3542d466ae074072cdb5f42a272423c6de70e6bdd04fafe191a6acbc25732a8675d526770b39fdefd
raw-control-and-compatibility-fields	src/repository_backend.zig	12	7835f226132830bb5af14f4095d3ed5cdf9906a7f5afaf738553eb8843f7630dc0e6bc9e05f59818b01628370803a6e223c23f3ece7dd3122e065814b43e4062
raw-control-and-compatibility-fields	src/repository_refresh.zig	2	5cc36a121db7f5866a509070f8eb022d2d09581b22dd430d9d4323f245cda3ef441ee12e7ad2398d59fc0ccf00143e110f85e8bce17d9574c02708e3317c5472
raw-control-and-compatibility-fields	src/repository_state.zig	4	19f9247b974516f1576b4b8683738680865a7d8c235a23e6be68412b84bce00a4e0165e63f693bd8c305ccb110517e74e73c6d4f3a5afab11c9694bf61391502
raw-control-and-compatibility-fields	src/root_mutation.zig	20	534443658b8d45bbfae532b73cf0a0c85406c4c4eb82d9902f05604f58271c1fd4ed2503491a2f5c80cf90b90249b08870ec998be9c97fa3f7359eac3a0119f9
raw-control-and-compatibility-fields	src/root_operation.zig	51	6a399af2de42c6090af625597a2e64d3da069ae217aed65d495e2c1292d801d3e6d342e7232ca162af8699befdb58c2b18395ca6b5650c610ea40fe7f8784794
raw-control-and-compatibility-fields	src/root_operation_completion.zig	13	579a39982d69d9ed021b6c3af5639fa8d2bfabbb7f8c55765c8104169542e01c88fb87591c50812cf173029faa3ee4035df58d1af84a64eaea7276c937a3e4ad
raw-control-and-compatibility-fields	src/sha512_transaction_e2e_test.zig	2	d488d4ea9ff4ad673a38549af29263ab605a28fe2bb06aa68fc128a0c957d2aed3ca69f925fe7ae50915f8e003b8b34e4b2296beafb311c91cdfd0a734fd96d3
raw-control-and-compatibility-fields	src/solver.zig	1	7d9c720503b8c31c32370659f4b6224dcf85dff9b51b5ff39e23c460d691f3601d8a7d694845e69838e0861c68d45089b80be05c4a5ae4c9f71899aab4c623f1
raw-control-and-compatibility-fields	src/system_profile.zig	5	743c1cb3adfd8c4a0ba428c7c0033d8de4495f4b334861621d48472b4f045ff18a4955529cf9609b387600d2178c4593e03f394ede500b7e77ce6570b807366e
raw-control-and-compatibility-fields	src/target_apt_config.zig	5	749ab60f415bba758b2e4f5fc870877dd842c2c7f90ad60b1e3038e7b28d5af3c3a9499748d024c3b61cf900e01e2e0734ed48e034f1a7d2d25571186822043a
raw-control-and-compatibility-fields	src/transaction_provenance_v3.zig	13	7c3f6d17a1cdef9c94fc47d58539b4e46a7997e097d91ab410542bdb5a42133673a6c1c0b3a414411efd6a8fe8ddcce21db53d619d6af29bc134da4648114628
raw-control-and-compatibility-fields	src/transaction_result_summary.zig	4	b4ef8de30ca670b2e53b00fca1b6a17b4131a7c5fdb1a7d8c121616c1d604c1c83cc3fa35414f31f4a2303100a9b063ad2ad7165144a5b69162df74e287bab15
raw-historical-authority-fields	src/exact_lock.zig	10	d52c52f5b2f41878d45f8b9952d1ffa05320d170486169badf1040698068ab9a82b16f7063179e94d3d2b765b69d8e5865b62001ad54a8dde7adf9b684c043a3
raw-historical-authority-fields	src/exact_lock_v2.zig	10	a6d87b01385318442d8cb90043b63d6146a1f2fd51b7309296f7891fa283a6ceeb24f2c4730087fcb49957789485024793e62dfedfb9fa21210793449deebc09
raw-historical-authority-fields	src/legacy_compat.zig	4	0b27b0264eba547bdd379c6fa16cc4776252aa01db194811fe9f3799b788f6d7af7e63fd8b6f4e5a5972cbc67004cd75f0e1952b6f525b6487792440ab707553
raw-historical-authority-fields	src/native_preparation.zig	1	8afd4b852947c0e62ca6caf5f10ed108edc6277798dafd3d9dfc690eb659a98f25d6a39b87f8216b8178685904db294cbe361fbde08510953b9f49ab188fb039
raw-historical-authority-fields	src/package_cache_workflow.zig	4	591cb3ddb6f885777eb0f390b6fd4870bd1ea9a0ec35caaa551ca3362503c6636a44388edbcd08cd732504012d6d6b41bf6a1d132cfcd1d7ddcb32b0b8486577
raw-historical-authority-fields	src/transaction_executor.zig	15	48fcb4acec8acfe2c57be99b624272e0a02554c69375235b5e094028f0a8be35c077cd8733a9706bd2ff76c75e7ba360fe90da3728ec7f349f30329e9309bd44
raw-historical-authority-fields	src/transaction_provenance.zig	31	9c00ad26835d26f6c250fa07efbbd7d905a882394d656b25b8f0f86922e33f2618812d16f818e29d75cbec60236bfac83298a08bc83112e1dcfdc8cd8cc14000
raw-historical-authority-fields	src/transaction_provenance_v2.zig	15	4592e306be8c8564bbe4afa74a5982984941122dd274fb919ce890340ce4c0bb0e397755d34c97973d22c1ac689e2c3e7beedd06cacb6ca6deed82692e8e718e
raw-historical-authority-fields	src/transaction_recovery.zig	6	e72160c3d099bc59be05b12a71433c35db27e5aa43ba97eea4ff6781f19100413850f590c3a73598ecd8835e85656c31382c365ccfc45c09e657794d08e03e96
schema-control-and-compatibility-fields	schema/apt-config-snapshot-v1.json	7	247d0e6ef6b49d24c2b97cafaef4239c1c2f131ff6f5921fa5bb912a3c0a1f3b3e055d7139e3493c91dd5706972db7365e45238ff9f2ee91cf5a19096b7c75c0
schema-control-and-compatibility-fields	schema/apt-config-snapshot-v2.json	9	b640417c262cbffe5c49b20f7bca581b3ed7409e2e5e0040f9fc24ffc685243f7923677dd91b9127127f7bb8d706200da30d2f25f85cb9989bdcc1ed93a37b6d
schema-control-and-compatibility-fields	schema/apt-system-execution-completion-v1.json	7	3da6ec238b5b0904e45d51ae6a7c9d8abbcb91a3c9405c9e7f7c0e6df54940f8e931b2d30bdbe99ccbaa893fdb2943b152881f04a07a81c8c099b459b2627e00
schema-control-and-compatibility-fields	schema/apt-system-operation-state-v1.json	7	85fce03cfb79da792e3df6715f9ccf108c4be836876260cdc78fef78ee779ac25e7276a0dd49d4251c1a4a9b06b126b4feeaa176ba1235ac03ef4167dac8de5f
schema-control-and-compatibility-fields	schema/apt-system-result-v1.json	6	5429cd0981b7409e33ac78a00d9fe0b5857256d84e06875a8d71e8a28323fafe1e0d31505a47ccad7cbc61c37d4f62f47c4fb54de3e2b64a4e2f2da8fe13895f
schema-control-and-compatibility-fields	schema/apt-system-result-v2.json	2	6cae5e520e8a3877e232ea675e28790204e2d24c725ec2a7ee2d7992106386606f9a500358c6536cf005b8f78d5f3213d2ea84835fffc05977eac387066eb81e
schema-control-and-compatibility-fields	schema/apt-system-result-v3.json	2	c66265c157aaaf08b5116aa37eac4c3bb3599beae838572bbf62d60b1978757bbd117bd10895e1627818691c218b6d2c0bb47e54e90aaa57dc56854833b2cb53
schema-control-and-compatibility-fields	schema/dpkg-oracle-execution-evidence-v1.json	6	adf0714141051ae3da113d95200d284a90497f501e98996cf4a3f32639f547afce86ba025a031b705d8ca015c4837c273d840d75fc34ce237eb1f0f0e551c13e
schema-control-and-compatibility-fields	schema/exact-closure-lock-v3.json	13	711cb3b34b1e45f92b9401d8ed14632bd0811a7362b9c12bb14f2a99d5e862f177b20068fc5eac38fb0303297cba15e5c91c0f544be0461838eb2c6c84b157da
schema-control-and-compatibility-fields	schema/native-diversion-cache-v1.json	3	a2e99196e0fd2c17557797beb6a847d070971911364de8197ca9a37e97a92521b0c95257efa89d05ce905f78140674dd76a22edaa047d8fb6dc494bea346fbfb
schema-control-and-compatibility-fields	schema/native-dpkg-reference-receipt-v1.json	2	1a7d1c3d45890ddb5262ab6a10b34edeec80a719c19402e6a81878f6c4ba05466183c50ffb0ebdff02f257d9dc64e436c5ae564632b754c1081672d9a98bd561
schema-control-and-compatibility-fields	schema/native-execution-intent-v1.json	11	71425e0d8a27ee5d78dbfa82292846c181eedf15e67293b09e4e678b107881cf013a47e7141e2b9e28dcc8bea74be87576758d2ce072ac2f8579556c80c1775a
schema-control-and-compatibility-fields	schema/native-execution-intent-v2.json	18	de5eb52d12e88893f8640a59e6a51a03061b003d7144c76d0a348f5870bddcd0d4fcc1234642b60ef12174d187cc864cb7cfcb819f2e7ed4a820298b8ecd925c
schema-control-and-compatibility-fields	schema/native-execution-progress-v1.json	6	e591cb2032804a0752d967eb2efa101253eebc19d0edfc16e206fb988510553b22af2395d17357ba550cff3a2337e8fce720d5ed8c93696439efe0db5d14527f
schema-control-and-compatibility-fields	schema/native-execution-progress-v2.json	6	813e8570e39a5e1fcfadbb69e9e8f1ed64a235fb03ee9534c4dde68a607d07dbdabafc8a5eac8758d0432bc17e8a15ab9dbcc1bab35e3745a18815e1315089ef
schema-control-and-compatibility-fields	schema/native-execution-progress-v3.json	6	e2a5da82f6f99ef49a17aea71f77d260838e672a5b0d1fb9bb055b829068d6bffb3e17e4fc5d2e91d28e73efd5be17f1c12f8eebb847acb7534fcc0190273ee1
schema-control-and-compatibility-fields	schema/native-execution-progress-v4.json	6	541ffdaaa172d42687f318179647e411034f1062e176be3c730b7bc9cacf14b2bc950186c234c583cb68a3d052b4608b7ef41cbb98652045bb2aa87a2c2e1f5a
schema-control-and-compatibility-fields	schema/native-execution-request-v1.json	14	53fc12015b71f3899e20b5fc360652cff794f8969a1102cb9653583877135e9cc637bc6a53bd9f50c32c3d04fa2e675f1721b56fea466c987eef90dcd2fb2061
schema-control-and-compatibility-fields	schema/native-execution-request-v2.json	2	50ee48588050cae7531033d24df3e71f9230440be23666a82f7a6ce283d94463ed52859aa65eea13ba9ea4404d6114391320cebad37150076cd90ff9b0e41f2d
schema-control-and-compatibility-fields	schema/native-execution-request-v4.json	1	f27a3c8d306326b103670f0dc776b7884dec5602df2c261dfe6dd2257da61c67765c88d3f5f8fa0744217a4626aa4f4fb490845b07b8f2d767a483ea74e43763
schema-control-and-compatibility-fields	schema/native-install-result-v1.json	8	78f6cb9fffb53e02f7eaee4413fc4ad614fcd707cac1e05b913e6d27bc98d922d25c5ac6c1624d2b5427ed074e5fccfa408191e2daa2f4a1e411eb23418b01cb
schema-control-and-compatibility-fields	schema/native-managed-state-v1.json	7	e03e20c3122aeebffa708caa03ee4aa32c5fa5b6ddbb7002f39e5d5bc990f9eb07221baa324b090185f90b5af340230f419d99b7ee69026f33f227d6043bb51e
schema-control-and-compatibility-fields	schema/native-repository-unchanged-v1.json	8	4b3b919775416de6dd66399e7e589bb47ef1968cae5992a79a9f056172a4fb0e66c34b8fc6079c9bf6511a5b7743679964e1a22cadc155575fe1dcc70561d841
schema-control-and-compatibility-fields	schema/native-script-outcome-v1.json	7	6598428d41db82ee1f2b92a6217affa735ef2d114f21f1185e351e5056352600195e8bdf05f451a320c534afefc2b2df57747f1a78cbdaedbf0111b42010fa44
schema-control-and-compatibility-fields	schema/native-transaction-authorization-v1.json	18	841ccebee64a36eb445047feff11b3b47b56ea90b93c9c3c21759e5fe908946b0ec9769d87f50644a101a57db8436bbcb0d57fbfb61db22dcdf9c4d504ebcdba
schema-control-and-compatibility-fields	schema/native-transaction-authorization-v2.json	14	f8006092b2f50db2f2cb6a90971b122bcd4a956a96f664562cbed4ccef47900c6a947ee9b2cba5f1d980ab1b38b4c08863f08dae45a7531d5b23b59c74fa1cd5
schema-control-and-compatibility-fields	schema/native-transaction-program-v1.json	52	6fc3df439dcab8ac1142d413e068f60b425e0d4a09c895a5e580b5404195aa1720b09ea5507a39be9ce91f7c22a3e9d7d369464ed6d544a896312fd49564f140
schema-control-and-compatibility-fields	schema/native-transaction-program-v2.json	20	5331d83f66beef857db876164fa5d89ad4086e760535c45853a49098866d502906f39121833a4ac69b2f453ea253e3ca084c479a5e40d0bc065e2b76e55a3a82
schema-control-and-compatibility-fields	schema/native-transaction-provenance-v1.json	18	590c4329a380dd216830690990e2f4317a6b136f49a7e782a0f1cf526610211a10d7a9cb6e86d1e6a6e5c445511bba1abd535604c5748e9b2e3b92bdea84eaf8
schema-control-and-compatibility-fields	schema/native-transaction-provenance-v2.json	19	6f1e30d49be1a8ab9beef267bce25c8c58aede93318e1e6d6837717f8286880f4ffa189850b97815b393e64dd5356f0d2b256a2fede5c3b4d4491db4d66117ac
schema-control-and-compatibility-fields	schema/native-trigger-events-v1.json	2	f7d5e62088cb4f7d92e34cdb556c8bef11a032c7bed4533fcbc9dc715a37b281a7df29a92a837fb7f839188314e584ae21f86ac29ae433c6f4b795b88ba5b873
schema-control-and-compatibility-fields	schema/native-unpack-diversion-v1.json	9	861103c72a53759dd4069a69c1ad8068f5e372ed00954177fdb5735d92bfde0e77d5988f253a0117b3c82573d0e1412afcf21a529c4de77be3a7f3aee441c9f0
schema-control-and-compatibility-fields	schema/native-unpack-route-settlement-v1.json	4	6fb8c26e1aaa2f5ad2388f9e81b56660eace66f9c584d7165cf9a703471b46734718ad649601001f26df45f6ee84c3b051ec38dd13d5da9b365414e95e84e756
schema-control-and-compatibility-fields	schema/repository-add-state-v1.json	12	2b37b7a4d8aa6ded6bea414e18ac824ab62c2f0475b2f04ccea3511626d0aa41c5015b294a378450e3d22efb099ff07b3c89c8cca5652dfd78139f682c7d73ba
schema-control-and-compatibility-fields	schema/repository-operation-result-v1.json	2	904e6c4de9640f3e240dcf4bfb5bc03e92456f127ca56e2849d5a876f845b0b45d0bee189e78559d1f2be857de9d39d482b1be78b3b703b47da2e5eb0320a254
schema-control-and-compatibility-fields	schema/root-mutation-journal-v1.json	17	ee17fea40b7bebd5d910b9350d793ef1a850d95730c8c350027b037a3621b4383279f8728b88e320308d10bb0e04566c7c7b184fdc07308c37c4fd6c4e97d93d
schema-control-and-compatibility-fields	schema/root-operation-completion-v1.json	22	d5f7e7e9bbef7ee037c162c1a4a41fe38a261df3c1547d61ec688e1ee754e1e8b945a8c4f22283035b5b5dac4c6622a7ba0b30af3b50f447bf0c9bdc955fb233
schema-control-and-compatibility-fields	schema/root-operation-completion-v2.json	20	08d8927e808e0b024bdeeb41091cad2095954388fac7f8ec71d4bde3040995eabc60bea43a77b723e71e8b4e1c85ababf9d94d4e54c16e5d37fe75157f7b3d7b
schema-control-and-compatibility-fields	schema/root-operation-record-v1.json	14	8496d4bb3829de878bdd2c8b5e0332893ec8261dc4262042e6481074c3dd28d4547100785c0ef2acfdc4251f86fd4c8c5e0e16d39b883786caa14af3ad73600f
schema-control-and-compatibility-fields	schema/transaction-plan-v1.json	1	7a4e507f1e53208ba38aa56165b3110560df3bfdd4a1cb683f78bc788351319687d7a44ad4f87ae4c19e0d253657f5b5a15f98e498f5586ced1714972c160df6
schema-control-and-compatibility-fields	schema/transaction-plan-v2.json	1	fb3df9d62f80ef8b7075e1da8800dc851270eb90f4b95dc2e5418111cd990df8532ddaac8f94ba6e4799a07a2126eeb2efde7fe8148ff4ed22b3801e9e0ab66c
schema-control-and-compatibility-fields	schema/transaction-plan-v3.json	4	567e5fae0226ea710848c0f76a283c0c8e08ed73a5f9733f95bd78d8b93df3ebad26fbb6562af25f6e1995ce4fb418bcff5dda408893c1f6bd24af6ebe469e75
schema-control-and-compatibility-fields	schema/transaction-plan-v4.json	8	da3aae82022fc02d96332260db176109781ac29fc801ac38ae939f6d76325a64109419c118ecde933b64b662adcbd6a2662bddfeee7dfeb41d53ea142ad78f4f
schema-control-and-compatibility-fields	schema/transaction-result-summary-v1.json	4	c97b730a8a80cdb4072c72bfb3a9394dd7775db9d7172741a60060bc8238912393b9215ec16ec42a31f43bb90aead58cee29a450a4c0d5c64e5dd011e5485a18
schema-control-and-compatibility-fields	schema/transaction-result-summary-v2.json	8	662cb701293aaa9aa2248599218b52a125e313f663041db54215b5faf8968bcfa09835574bb717fd12a9a2524c8c314e487b90974a8b1361fbc61b8deec3a510
schema-control-and-compatibility-fields	schema/vendor-state-inventory-v1.json	4	fb098d1bde45eda85f40c03dcd3f4c1ed4a5cfbe76f68e6a194f207519b766b3fb87fcb163af3da975af37d1fd6828fbe16b1695b18c6a7319b182718a6ce6b9
schema-control-and-compatibility-fields	schema/vendor-state-reference-v1.json	6	bf8a16be88b4e13585d68aae6e6e1749beee1b46e17a4597690b52f75f966b286b0f80f91e1813ac45e59139b8e5c2557fdb511bc36c7616084fb8cb241c1063
schema-historical-authority-fields	schema/dpkg-alternatives-reference-v1.json	22	41244d7354c779cd528696b4f120b52daac37663262c027b608fa77222c161b3bffa16c23d1ea9d5701773506f96aba11da6c2f30e052a8d500025ea77686562
schema-historical-authority-fields	schema/dpkg-config-reference-v1.json	16	e26bd967d3be4f0ff5c9e08308d95e6b6c8d3b4f2ec1f39392abe560c65d30d81b46e20db1452e1b957341247cccecec04fb78402dc4a05eb47852a177e82770
schema-historical-authority-fields	schema/exact-closure-lock-v1.json	12	2bde65d17c7ca062684431df7860946614a465ce61d79dea4b5be79addd901fd36724889f12e084f2d60e4798fa8fc37bf8c7eedec0b4d0fa0e392c2c4709bf5
schema-historical-authority-fields	schema/exact-closure-lock-v2.json	14	064a948a0c730fb1823333e37d1b62af318d66003b6e2fa49c9084b7f1e066688828666dbd211f2acc09da21aee2f4d444666504c495d3449c4b83772fd224da
schema-historical-authority-fields	schema/legacy-capability-evidence-v1.json	5	8df15b96d70d08de3494ea33821eaf990e65b969f9b1d8b13208e3fdb4820808617c5f92f29b8948740a28f4fd46fc165654d571caab3a81de286c939e444dc9
schema-historical-authority-fields	schema/native-execution-request-v3.json	10	8cafd531e5460faec1523ef2db71516d860c02d594eb79a67f75c70cbef0d0251334a72bbd292fabd7e2da0bea108e54d2bb44caa34a10b227a005a511d1755c
schema-historical-authority-fields	schema/transaction-result-v1.json	19	fbb012f58839314a7ec9ee0f83b969bc0335966a57e9c68e5dc40fb0e04fad7b4ef5d25c1ea8fd457812c1db22f0c39c9e56fee1817eaf3120dfde91a55e7beb
schema-historical-authority-fields	schema/transaction-result-v2.json	21	49896b507776fbbf00dedb3e7cd7174e3219b392e2b0dcfbfb05a3ce2500c4a735f384cbf33a31d425f1893f2442fe81593647700639d05e7364937b0d090003
schema-historical-authority-fields	schema/transaction-result-v3.json	21	78b92a138a935fb83b87f57828cf79382e6f36c0aa2ebfb75fd73e70a5faf19b2fddfd7608cd776ce61cf1c04b98cafad44d75d44c66616f65ae721e04971774
typed-identity-raw-widths	src/content_digest.zig	2	82453a8b7b4c9b541255f8b076aec6a3851fa4200b14ef4eccd16753c9d1d44dc92735401b64fa4c3b8d8fff0010cb1609d5d3923b6dea642d265ddb0d40ebb9
